Campaign_ID,Channel,Impressions,Clicks,Conversions,Cost,Revenue,Region,Date,CTR (%),CPC,Conversion Rate (%),ROI (%),Profit,Year,Month,DayOfWeek,WeekOfYear
CAMP_001,Email,11662.0,1050.0,53.0,89.02,2022.11,Pennsylvania,2024-05-31,9.003601440576231,0.08478095238095237,5.0476190476190474,2171.523253201528,1933.09,2024,5,4,22
CAMP_002,Search Engine,43443.0,2201.0,113.0,2286.12,13770.8,Georgia,2024-03-15,5.0664088575835,1.0386733303044071,5.134029986369832,502.36558010953064,11484.68,2024,3,4,11
CAMP_003,Social Media,27184.0,430.0,0.0,332.26,0.0,Illinois,2024-10-16,1.5818128310771042,0.7726976744186046,0.0,-100.0,-332.26,2024,10,2,42
CAMP_004,Email,10538.0,1002.0,45.0,109.4,2057.24,California,2024-11-22,9.508445625355854,0.10918163672654692,4.491017964071856,1780.4753199268735,1947.8399999999997,2024,11,4,47
CAMP_005,Referral,4948.0,718.0,90.0,27.95,6110.11,New Jersey,2024-02-07,14.510913500404204,0.03892757660167131,12.534818941504177,21760.858676207514,6082.16,2024,2,2,6
CAMP_006,Search Engine,23133.0,1185.0,92.0,891.99,7341.71,Washington,2024-03-08,5.122552198158474,0.7527341772151899,7.7637130801687775,723.0708864449153,6449.72,2024,3,4,10
CAMP_007,Social Media,56085.0,714.0,12.0,380.27,523.99,New Jersey,2024-02-07,1.27306766515111,0.5325910364145658,1.680672268907563,37.79419885870566,143.72000000000003,2024,2,2,6
CAMP_008,Display Ads,81642.0,433.0,5.0,187.42,171.05,Michigan,2024-06-27,0.5303642732907082,0.4328406466512702,1.1547344110854503,-8.734393341158881,-16.369999999999976,2024,6,3,26
CAMP_009,Search Engine,37002.0,2640.0,141.0,2958.08,7741.01,Arizona,2024-02-22,7.134749473001459,1.1204848484848484,5.340909090909091,161.69035320207703,4782.93,2024,2,3,8
CAMP_010,Social Media,35612.0,668.0,23.0,268.31,1697.59,Texas,2024-01-11,1.8757722116140625,0.4016616766467066,3.44311377245509,532.6972531772949,1429.28,2024,1,3,2
CAMP_011,Display Ads,69618.0,355.0,7.0,124.27,277.7,Texas,2024-10-25,0.5099255939555862,0.350056338028169,1.971830985915493,123.46503580912531,153.43,2024,10,4,43
CAMP_012,Search Engine,29697.0,1626.0,104.0,3190.76,7794.55,Virginia,2024-07-23,5.475300535407617,1.9623370233702337,6.396063960639606,144.28506061251863,4603.79,2024,7,1,30
CAMP_013,Video Ads,68274.0,477.0,12.0,384.12,648.14,Virginia,2024-11-23,0.6986554178750329,0.8052830188679245,2.515723270440252,68.73372904300739,264.02,2024,11,5,47
CAMP_014,Email,6749.0,695.0,28.0,44.13,2933.76,Texas,2024-04-07,10.297821899540672,0.06349640287769785,4.028776978417266,6547.994561522773,2889.63,2024,4,6,14
CAMP_015,Social Media,73821.0,1856.0,44.0,678.94,1375.89,New York,2024-07-05,2.5141897292098454,0.3658081896551724,2.3706896551724137,102.65266444752112,696.95,2024,7,4,27
CAMP_016,Email,7756.0,1038.0,63.0,163.61,6275.46,Michigan,2024-06-07,13.383187209902012,0.1576204238921002,6.069364161849711,3735.6212945418984,6111.85,2024,6,4,23
CAMP_017,Referral,3217.0,331.0,33.0,4.97,327.08,Michigan,2024-08-08,10.289089213553,0.015015105740181268,9.969788519637463,6481.086519114688,322.10999999999996,2024,8,3,32
CAMP_018,Display Ads,109453.0,516.0,0.0,198.27,0.0,Texas,2024-07-23,0.47143522790604186,0.38424418604651167,0.0,-100.0,-198.27,2024,7,1,30
CAMP_019,Social Media,59461.0,946.0,33.0,358.71,1861.57,Michigan,2024-09-01,1.590958779704344,0.3791860465116279,3.488372093023256,418.96239301943075,1502.86,2024,9,6,35
CAMP_020,Search Engine,27455.0,1367.0,157.0,1018.22,12560.71,California,2024-03-27,4.9790566381351296,0.7448573518653987,11.485003657644477,1133.5949009055018,11542.49,2024,3,2,13
CAMP_021,Display Ads,69943.0,380.0,3.0,130.44,166.69,New Jersey,2024-05-26,0.5432995439143303,0.3432631578947368,0.7894736842105263,27.790555044464888,36.25,2024,5,6,21
CAMP_022,Display Ads,98998.0,200.0,2.0,80.75,61.16,Florida,2024-11-28,0.2020242833188549,0.40375,1.0,-24.260061919504647,-19.590000000000003,2024,11,3,48
CAMP_023,Display Ads,79354.0,439.0,4.0,124.99,156.92,Michigan,2024-02-17,0.5532172291251859,0.2847152619589977,0.9111617312072893,25.546043683494673,31.929999999999993,2024,2,5,7
CAMP_024,Referral,2412.0,315.0,23.0,8.33,1447.96,Virginia,2024-04-23,13.059701492537313,0.026444444444444444,7.301587301587302,17282.472989195678,1439.63,2024,4,1,17
CAMP_025,Email,3386.0,459.0,17.0,55.25,958.0,Georgia,2024-08-08,13.555818074424101,0.12037037037037036,3.7037037037037033,1633.9366515837103,902.75,2024,8,3,32
CAMP_026,Video Ads,78485.0,464.0,8.0,317.09,484.59,Pennsylvania,2024-02-04,0.5911957698923361,0.6833836206896551,1.7241379310344827,52.82411933520452,167.5,2024,2,6,5
CAMP_027,Email,4995.0,510.0,27.0,43.62,1426.27,Georgia,2024-04-06,10.21021021021021,0.08552941176470588,5.294117647058823,3169.761577258139,1382.65,2024,4,5,14
CAMP_028,Social Media,41782.0,718.0,23.0,407.22,1299.005,Arizona,2024-06-26,1.7184433488104927,0.5671587743732591,3.203342618384401,218.99341879082561,891.7850000000001,2024,6,2,26
CAMP_029,Referral,6369.0,1142.0,0.0,49.87,0.0,California,2024-10-23,17.93060135029047,0.04366900175131348,0.0,-100.0,-49.87,2024,10,2,43
CAMP_030,Display Ads,68693.0,366.0,6.0,104.93,222.17,Michigan,2024-08-17,0.5328053804608912,0.28669398907103827,1.639344262295082,111.73163061088343,117.23999999999998,2024,8,5,33
CAMP_031,Display Ads,78068.0,286.0,4.0,40.04,246.91,Virginia,2024-09-29,0.36634728698058106,0.13999999999999999,1.3986013986013985,516.6583416583417,206.87,2024,9,6,39
CAMP_032,Social Media,37070.0,840.0,25.0,266.93,940.77,North Carolina,2024-12-23,2.2659832748853517,0.3177738095238095,2.976190476190476,252.44071479414077,673.8399999999999,2024,12,0,52
CAMP_033,Social Media,42350.0,693.0,16.0,357.52,904.07,Arizona,2024-02-22,1.6363636363636365,0.5159018759018759,2.3088023088023086,152.87256656970243,546.5500000000001,2024,2,3,8
CAMP_034,Email,8104.0,718.0,31.0,57.77,1269.72,Arizona,2024-06-19,8.859822309970385,0.08045961002785516,4.3175487465181055,2097.8881772546306,1211.95,2024,6,2,25
CAMP_035,Display Ads,99009.0,448.0,6.0,88.8,176.08,Illinois,2024-08-26,0.4524841176054702,0.1982142857142857,1.3392857142857142,98.2882882882883,87.28000000000002,2024,8,0,35
CAMP_036,Email,9120.0,717.0,43.0,29.5,1931.33,New York,2024-03-16,7.8618421052631575,0.041143654114365415,5.997210599721059,6446.8813559322025,1901.83,2024,3,5,11
CAMP_037,Video Ads,59822.0,619.0,16.0,444.63,835.26,New Jersey,2024-02-11,1.0347363846076696,0.7183037156704362,2.5848142164781907,87.85507050806288,390.63,2024,2,6,6
CAMP_038,Display Ads,68993.0,214.0,3.0,35.63,30.28,New York,2024-07-26,0.3101763947067094,0.16649532710280376,1.4018691588785046,-15.015436429974743,-5.350000000000001,2024,7,4,30
CAMP_039,Email,7943.0,693.0,32.0,86.96,2201.96,Pennsylvania,2024-05-08,8.724663225481557,0.12548340548340547,4.617604617604617,2432.1527138914444,2115.0,2024,5,2,19
CAMP_040,Referral,4861.0,637.0,41.0,36.33,1965.76,California,2024-04-21,13.104299526846328,0.05703296703296703,6.436420722135009,5310.84503165428,1929.43,2024,4,6,16
CAMP_041,Video Ads,55456.0,332.0,5.0,230.68,415.53,Ohio,2024-02-22,0.5986728216964802,0.6948192771084337,1.5060240963855422,80.13265129183283,184.84999999999997,2024,2,3,8
CAMP_042,Social Media,51068.0,1520.0,53.0,611.27,2481.19,Michigan,2024-02-20,2.976423592073314,0.40215131578947366,3.4868421052631575,305.9073731738839,1869.92,2024,2,1,8
CAMP_043,Referral,6188.0,1045.0,82.0,53.79,7589.81,Washington,2024-11-23,16.887524240465417,0.05147368421052632,7.84688995215311,14010.076222346162,7536.02,2024,11,5,47
CAMP_044,Social Media,43260.0,763.0,12.0,516.73,600.05,Michigan,2024-11-12,1.7637540453074432,0.6772346002621232,1.5727391874180863,16.12447506434694,83.31999999999994,2024,11,1,46
CAMP_045,Social Media,43412.0,872.0,24.0,356.27,817.25,Virginia,2024-11-01,2.0086611996682944,0.40856651376146785,2.7522935779816518,129.39063070143433,460.98,2024,11,4,44
CAMP_046,Social Media,32705.0,711.0,22.0,327.65,951.26,Georgia,2024-03-03,2.173979513835805,0.46082981715893107,3.0942334739803097,190.32809400274687,623.61,2024,3,6,9
CAMP_047,Search Engine,36512.0,1968.0,107.0,1933.01,2301.2,Florida,2024-05-06,5.390008764241893,0.9822205284552845,5.436991869918699,19.047495874310005,368.1899999999998,2024,5,0,19
CAMP_048,Social Media,50281.0,972.0,25.0,458.13,1497.83,New Jersey,2024-01-21,1.933135776933633,0.47132716049382717,2.57201646090535,226.94431711522927,1039.6999999999998,2024,1,6,3
CAMP_049,Referral,4921.0,597.0,66.0,34.12,4580.02,Washington,2024-01-11,12.131680552733185,0.05715242881072027,11.055276381909549,13323.270808909734,4545.900000000001,2024,1,3,2
CAMP_050,Video Ads,47556.0,469.0,12.0,163.61,238.18,Virginia,2024-08-01,0.9862057363949869,0.3488486140724947,2.55863539445629,45.577898661451,74.57,2024,8,3,31
CAMP_051,Display Ads,64692.0,324.0,4.0,112.76,100.91,New Jersey,2024-01-14,0.5008347245409015,0.3480246913580247,1.2345679012345678,-10.509045760908132,-11.850000000000009,2024,1,6,2
CAMP_052,Referral,4011.0,698.0,85.0,38.21,6233.95,Virginia,2024-01-03,17.402144103714782,0.054742120343839545,12.177650429799428,16214.96990316671,6195.74,2024,1,2,1
CAMP_053,Referral,4643.0,682.0,69.0,12.02,1299.005,Florida,2024-08-12,14.688778806805944,0.017624633431085043,10.117302052785924,10707.029950083197,1286.9850000000001,2024,8,0,33
CAMP_054,Email,11809.0,1351.0,61.0,98.79,3973.77,Georgia,2024-02-12,11.440426793123889,0.07312361213915619,4.515173945225759,3922.4415426662617,3874.98,2024,2,0,7
CAMP_055,Display Ads,84445.0,391.0,28.0,103.62,284.35,Michigan,2024-05-05,0.46302326958375273,0.26501278772378517,7.161125319693094,174.41613588110405,180.73000000000002,2024,5,6,18
CAMP_056,Display Ads,80175.0,404.0,6.0,100.25,289.62,California,2024-12-09,0.503897723729342,0.24814356435643564,1.4851485148514851,188.89775561097258,189.37,2024,12,0,50
CAMP_057,Search Engine,28505.0,1643.0,116.0,1046.24,6044.22,New York,2024-02-24,5.763901069987722,0.6367863664029215,7.060255629945223,477.70874751491056,4997.9800000000005,2024,2,5,8
CAMP_058,Email,15021.0,2122.0,67.0,149.07,1540.31,Washington,2024-09-10,14.126889022035815,0.0702497643732328,3.157398680490104,933.2796672704098,1391.24,2024,9,1,37
CAMP_059,Referral,3809.0,582.0,70.0,27.72,4059.26,Arizona,2024-12-12,15.279600945129957,0.04762886597938144,12.027491408934708,14543.795093795097,4031.5400000000004,2024,12,3,50
CAMP_060,Video Ads,101422.0,770.0,19.0,352.35,1236.93,Ohio,2024-04-18,0.7592041174498629,0.4575974025974026,2.4675324675324677,251.05151128139633,884.58,2024,4,3,16
CAMP_061,Video Ads,60698.0,705.0,14.0,456.33,862.05,California,2024-12-18,1.1614880226696103,0.6472765957446809,1.9858156028368796,88.90934192360791,405.71999999999997,2024,12,2,51
CAMP_062,Display Ads,109296.0,718.0,7.0,196.15,323.8,Massachusetts,2024-06-24,0.6569316351925047,0.27318941504178273,0.9749303621169917,65.07774662248279,127.65,2024,6,0,26
CAMP_063,Referral,5805.0,1106.0,144.0,55.15,13678.62,Washington,2024-12-12,19.05254091300603,0.049864376130198916,13.01989150090416,24702.574796010882,13623.470000000001,2024,12,3,50
CAMP_064,Display Ads,46400.0,169.0,2.0,51.85,84.22,North Carolina,2024-04-22,0.3642241379310345,0.30680473372781064,1.183431952662722,62.430086788813874,32.37,2024,4,0,17
CAMP_065,Email,9857.0,1142.0,46.0,150.86,2304.27,Illinois,2024-11-02,11.585675154712387,0.1321015761821366,4.028021015761821,1427.422776083786,2153.41,2024,11,5,44
CAMP_066,Social Media,24063.0,738.0,16.0,440.06,1052.52,Texas,2024-07-01,3.0669492581972326,0.5962872628726287,2.168021680216802,139.17647593509977,612.46,2024,7,0,27
CAMP_067,Video Ads,51944.0,406.0,9.0,321.52,398.74,Georgia,2024-10-16,0.7816109656553211,0.7919211822660098,2.2167487684729066,24.01716844986316,77.22000000000003,2024,10,2,42
CAMP_068,Referral,32683.0,472.0,55.0,18.47,4889.37,Washington,2024-11-03,1.4441758712480495,0.03913135593220339,11.652542372881355,26371.95452084461,4870.9,2024,11,6,44
CAMP_069,Email,14360.0,1666.0,119.0,148.66,5176.95,New Jersey,2024-10-31,11.6016713091922,0.08923169267707083,7.142857142857142,3382.4095250908117,5028.29,2024,10,3,44
CAMP_070,Search Engine,31604.0,1536.0,0.0,2334.98,0.0,Virginia,2024-09-04,4.860144285533477,1.5201692708333334,0.0,-100.0,-2334.98,2024,9,2,36
CAMP_071,Video Ads,47511.0,420.0,11.0,290.24,752.87,Illinois,2024-06-16,0.8840058091810318,0.691047619047619,2.619047619047619,159.39567254685775,462.63,2024,6,6,24
CAMP_072,Social Media,59498.0,1122.0,36.0,580.61,1085.57,North Carolina,2024-10-09,1.8857776731990992,0.5174777183600713,3.2085561497326207,86.97059988632644,504.9599999999999,2024,10,2,41
CAMP_073,Social Media,55892.0,1049.0,31.0,411.07,952.33,New Jersey,2024-11-08,1.8768338939383096,0.39186844613918015,2.9551954242135365,131.6710049383317,541.26,2024,11,4,45
CAMP_074,Social Media,32683.0,1444.0,21.0,592.38,810.58,Massachusetts,2024-07-13,4.418199063733439,0.4102354570637119,1.4542936288088644,36.83446436409062,218.20000000000005,2024,7,5,28
CAMP_075,Referral,3352.0,529.0,51.0,29.09,4434.51,New Jersey,2024-01-23,15.781622911694509,0.05499054820415879,9.640831758034027,15144.10450326573,4405.42,2024,1,1,4
CAMP_076,Social Media,65014.0,1625.0,47.0,1235.25,995.08,Florida,2024-12-30,2.4994616544128956,0.7601538461538462,2.8923076923076922,-19.443027727180727,-240.16999999999996,2024,12,0,1
CAMP_077,Display Ads,85809.0,0.0,0.0,0.0,0.0,Texas,2024-02-29,0.0,0.0,0.0,0.0,0.0,2024,2,3,9
CAMP_078,Display Ads,55052.0,316.0,3.0,74.35,104.13,Texas,2024-11-08,0.5740027610259391,0.23528481012658226,0.949367088607595,40.05379959650303,29.78,2024,11,4,45
CAMP_079,Email,11641.0,928.0,44.0,76.99,3262.89,Ohio,2024-03-31,7.971823726483978,0.08296336206896551,4.741379310344827,4138.069879205093,3185.9,2024,3,6,13
CAMP_080,Social Media,33367.0,660.0,28.0,290.23,0.0,Ohio,2024-01-29,1.9780022177600622,0.43974242424242427,4.242424242424243,-100.0,-290.23,2024,1,0,5
CAMP_081,Referral,3850.0,420.0,35.0,19.62,1611.09,New York,2024-09-25,10.909090909090908,0.046714285714285715,8.333333333333332,8111.467889908256,1591.47,2024,9,2,39
CAMP_082,Social Media,66192.0,0.0,0.0,0.0,0.0,Georgia,2024-01-26,0.0,0.0,0.0,0.0,0.0,2024,1,4,4
CAMP_083,Display Ads,98681.0,0.0,0.0,0.0,0.0,Arizona,2024-03-06,0.0,0.0,0.0,0.0,0.0,2024,3,2,10
CAMP_084,Referral,5710.0,699.0,66.0,36.39,5639.04,California,2024-02-02,12.24168126094571,0.052060085836909874,9.44206008583691,15396.125309150864,5602.65,2024,2,4,5
CAMP_085,Search Engine,15766.0,0.0,0.0,0.0,0.0,Michigan,2024-03-24,0.0,0.0,0.0,0.0,0.0,2024,3,6,12
CAMP_086,Email,12697.0,1161.0,0.0,105.33,0.0,Arizona,2024-03-03,9.143892258013704,0.0907235142118863,0.0,-100.0,-105.33,2024,3,6,9
CAMP_087,Email,13864.0,1446.0,58.0,115.34,2070.3,Arizona,2024-11-26,10.429890363531449,0.07976486860304288,4.011065006915629,1694.954048898908,1954.9600000000003,2024,11,1,48
CAMP_088,Search Engine,21449.0,1368.0,94.0,2094.95,5715.75,Pennsylvania,2024-04-19,6.377919716536902,1.5313961988304092,6.871345029239766,172.83467385856466,3620.8,2024,4,4,16
CAMP_089,Search Engine,34415.0,1433.0,125.0,2605.68,9867.16,North Carolina,2024-02-13,4.163882028185385,1.8183391486392184,8.722958827634333,278.67888612569465,7261.48,2024,2,1,7
CAMP_090,Email,14510.0,1349.0,74.0,51.87,2976.27,Florida,2024-05-27,9.297036526533425,0.038450704225352114,5.485544848035582,5637.94100636206,2924.4,2024,5,0,22
CAMP_091,Social Media,21883.0,556.0,15.0,427.72,541.74,Michigan,2024-06-14,2.5407850843120228,0.7692805755395684,2.697841726618705,26.6576264846161,114.01999999999998,2024,6,4,24
CAMP_092,Video Ads,70083.0,879.0,12.0,659.38,139.89,Massachusetts,2024-10-27,1.2542271306878987,0.7501478953356087,1.3651877133105803,-78.78461585125422,-519.49,2024,10,6,43
CAMP_093,Search Engine,27060.0,1559.0,117.0,1572.22,8461.89,Massachusetts,2024-02-26,5.761271249076127,1.0084797947402182,7.50481077613855,438.2128455305237,6889.669999999999,2024,2,0,9
CAMP_094,Referral,5545.0,733.0,0.0,47.21,0.0,Ohio,2024-02-08,13.219116321009919,0.06440654843110505,0.0,-100.0,-47.21,2024,2,3,6
CAMP_095,Referral,4889.0,681.0,0.0,27.07,0.0,New Jersey,2024-05-13,13.929228881161793,0.0397503671071953,0.0,-100.0,-27.07,2024,5,0,20
CAMP_096,Video Ads,94283.0,1403.0,29.0,761.14,1206.53,Massachusetts,2024-08-27,1.488073141499528,0.5425089094796863,2.066999287241625,58.51617310875792,445.39,2024,8,1,35
CAMP_097,Video Ads,63353.0,576.0,10.0,451.57,697.72,Massachusetts,2024-03-06,0.9091913563682855,0.7839756944444445,1.7361111111111112,54.509821290165426,246.15000000000003,2024,3,2,10
CAMP_098,Search Engine,37508.0,2094.0,130.0,2986.88,14206.61,Georgia,2024-07-27,5.582809000746507,1.42639923591213,6.208213944603629,375.63377169487893,11219.73,2024,7,5,30
CAMP_099,Social Media,32420.0,679.0,24.0,437.24,1199.54,Washington,2024-11-18,2.0943861813695253,0.6439469808541973,3.5346097201767304,174.3436099167505,762.3,2024,11,0,47
CAMP_100,Referral,3833.0,491.0,48.0,40.03,2425.81,Arizona,2024-11-04,12.809809548656407,0.0815274949083503,9.775967413441954,5959.980014988758,2385.7799999999997,2024,11,0,45
CAMP_101,Search Engine,20265.0,1060.0,83.0,2119.76,5966.09,Ohio,2024-01-30,5.230693313594868,1.9997735849056606,7.830188679245283,181.4512020228705,3846.33,2024,1,1,5
CAMP_102,Search Engine,9214.0,359.0,24.0,687.41,1876.26,Florida,2024-06-02,3.8962448448013896,1.914791086350975,6.685236768802229,172.94627660348263,1188.85,2024,6,6,22
CAMP_103,Referral,4357.0,814.0,29.0,25.27,971.15,California,2024-02-15,18.682579756713334,0.031044226044226044,3.562653562653563,3743.094578551642,945.88,2024,2,3,7
CAMP_104,Social Media,25949.0,718.0,21.0,150.69,472.41,Washington,2024-08-11,2.7669659717137463,0.20987465181058496,2.9247910863509747,213.49790961576753,321.72,2024,8,6,32
CAMP_105,Referral,2394.0,445.0,23.0,16.99,981.61,Massachusetts,2024-04-27,18.58813700918964,0.03817977528089887,5.168539325842696,5677.575044143615,964.62,2024,4,5,17
CAMP_106,Video Ads,70702.0,759.0,14.0,163.61,644.61,California,2024-12-24,1.073519843851659,0.21555994729907776,1.844532279314888,293.9918097915775,481.0,2024,12,1,52
CAMP_107,Email,10665.0,934.0,0.0,139.78,1299.005,Virginia,2024-01-30,8.757618377871543,0.14965738758029978,0.0,829.3210759765346,1159.2250000000001,2024,1,1,5
CAMP_108,Email,12621.0,1282.0,39.0,114.81,2885.9,Washington,2024-02-01,10.157673718405832,0.08955538221528861,3.0421216848673946,2413.6312167929623,2771.09,2024,2,3,5
CAMP_109,Email,5693.0,634.0,28.0,41.66,1893.37,Texas,2024-10-21,11.136483400667487,0.06570977917981072,4.416403785488959,4444.815170427269,1851.7099999999998,2024,10,0,43
CAMP_110,Display Ads,75853.0,310.0,4.0,73.31,142.86,Illinois,2024-05-07,0.4086852200967661,0.23648387096774195,1.2903225806451613,94.87109534852,69.55000000000001,2024,5,1,19
CAMP_111,Referral,3215.0,581.0,44.0,24.41,2781.93,New York,2024-07-06,18.071539657853812,0.042013769363166954,7.573149741824441,11296.681687832855,2757.52,2024,7,5,27
CAMP_112,Referral,6080.0,775.0,72.0,54.36,4810.99,Massachusetts,2024-12-30,12.746710526315788,0.07014193548387097,9.290322580645162,8750.2391464312,4756.63,2024,12,0,1
CAMP_113,Video Ads,80832.0,545.0,11.0,561.81,651.04,Arizona,2024-12-08,0.6742379255740301,1.0308440366972476,2.0183486238532113,15.882593759456048,89.23000000000002,2024,12,6,49
CAMP_114,Email,8887.0,718.0,23.0,78.1,1523.33,Georgia,2024-11-23,8.079216833577135,0.10877437325905291,3.203342618384401,1850.4865556978234,1445.23,2024,11,5,47
CAMP_115,Social Media,60216.0,1134.0,33.0,629.51,1707.4,Massachusetts,2024-11-14,1.8832204065364688,0.5551234567901234,2.91005291005291,171.2268272148179,1077.89,2024,11,3,46
CAMP_116,Email,13223.0,904.0,59.0,71.37,1196.78,Florida,2024-07-01,6.836572638584284,0.07894911504424779,6.526548672566372,1576.8670309653912,1125.4099999999999,2024,7,0,27
CAMP_117,Email,14169.0,1736.0,73.0,153.5,4468.41,Georgia,2024-03-25,12.252099654174607,0.08842165898617511,4.205069124423963,2811.016286644951,4314.91,2024,3,0,13
CAMP_118,Video Ads,36076.0,330.0,5.0,258.38,316.5,Florida,2024-08-05,0.9147355582658832,0.782969696969697,1.5151515151515151,22.494001083675208,58.120000000000005,2024,8,0,32
CAMP_119,Search Engine,37537.0,1886.0,231.0,1496.48,23188.89,Massachusetts,2024-08-16,5.02437594906359,0.7934676564156946,12.248144220572641,1449.5623062119107,21692.41,2024,8,4,33
CAMP_120,Video Ads,60912.0,609.0,12.0,567.29,734.46,North Carolina,2024-01-27,0.9998029944838456,0.9315106732348111,1.9704433497536946,29.468173244724934,167.17000000000007,2024,1,5,4
CAMP_121,Search Engine,30019.0,1252.0,129.0,1735.1,11833.17,Texas,2024-11-15,4.170691895133082,1.3858626198083066,10.303514376996805,581.9877816840527,10098.07,2024,11,4,46
CAMP_122,Display Ads,78814.0,0.0,0.0,0.0,0.0,Washington,2024-03-25,0.0,0.0,0.0,0.0,0.0,2024,3,0,13
CAMP_123,Display Ads,64999.0,477.0,6.0,140.34,132.09,Texas,2024-02-03,0.7338574439606763,0.29421383647798743,1.257861635220126,-5.878580589995725,-8.25,2024,2,5,5
CAMP_124,Video Ads,62384.0,544.0,0.0,493.49,0.0,Virginia,2024-06-26,0.8720184662734035,0.9071507352941177,0.0,-100.0,-493.49,2024,6,2,26
CAMP_125,Referral,5489.0,831.0,75.0,44.65,5308.32,Virginia,2024-01-09,15.139369648387685,0.05373044524669073,9.025270758122744,11788.734602463606,5263.67,2024,1,1,2
CAMP_126,Search Engine,32360.0,0.0,0.0,0.0,0.0,New York,2024-12-21,0.0,0.0,0.0,0.0,0.0,2024,12,5,51
CAMP_127,Video Ads,64802.0,400.0,6.0,391.75,282.71,Washington,2024-09-14,0.6172648992315053,0.979375,1.5,-27.834077855775373,-109.04000000000002,2024,9,5,37
CAMP_128,Social Media,45082.0,950.0,0.0,415.26,0.0,Ohio,2024-07-27,2.107271194711858,0.4371157894736842,0.0,-100.0,-415.26,2024,7,5,30
CAMP_129,Social Media,72771.0,1085.0,31.0,460.45,1489.55,Ohio,2024-10-05,1.490978549147325,0.4243778801843318,2.857142857142857,223.498751221631,1029.1,2024,10,5,40
CAMP_130,Search Engine,32683.0,1147.0,99.0,1533.3,6466.71,New York,2024-11-13,3.5094697549184595,1.3367916303400174,8.63121185701831,321.75112502445705,4933.41,2024,11,2,46
CAMP_131,Search Engine,25550.0,1000.0,70.0,1209.29,6039.21,California,2024-07-06,3.9138943248532287,1.20929,7.000000000000001,399.4013015901893,4829.92,2024,7,5,27
CAMP_132,Referral,4718.0,912.0,116.0,56.32,5521.93,California,2024-05-09,19.330224671470965,0.061754385964912284,12.719298245614036,9704.563210227274,5465.610000000001,2024,5,3,19
CAMP_133,Display Ads,85259.0,387.0,6.0,143.98,216.45,Texas,2024-11-17,0.45391102405611133,0.3720413436692506,1.550387596899225,50.33337963606057,72.47,2024,11,6,46
CAMP_134,Video Ads,54443.0,422.0,7.0,303.54,425.63,New York,2024-11-18,0.7751226052936098,0.7192890995260663,1.6587677725118484,40.22204651775712,122.08999999999997,2024,11,0,47
CAMP_135,Referral,2676.0,440.0,54.0,16.6,5621.15,Pennsylvania,2024-09-27,16.442451420029897,0.03772727272727273,12.272727272727273,33762.349397590355,5604.549999999999,2024,9,4,39
CAMP_136,Social Media,58788.0,1539.0,48.0,794.01,1926.16,Florida,2024-08-09,2.6178812002449483,0.5159259259259259,3.1189083820662766,142.58636541101498,1132.15,2024,8,4,32
CAMP_137,Search Engine,36435.0,2152.0,0.0,3395.8,0.0,Texas,2024-10-16,5.906408672979278,1.5779739776951673,0.0,-100.0,-3395.8,2024,10,2,42
CAMP_138,Referral,7177.0,831.0,73.0,41.65,5609.45,Illinois,2024-03-27,11.578654033718824,0.05012033694344163,8.78459687123947,13368.067226890758,5567.8,2024,3,2,13
CAMP_139,Referral,5601.0,805.0,54.0,41.11,3338.88,Georgia,2024-07-16,14.372433494018924,0.05106832298136646,6.70807453416149,8021.819508635369,3297.77,2024,7,1,29
CAMP_140,Display Ads,106517.0,525.0,10.0,183.48,285.86,North Carolina,2024-04-25,0.4928790709464217,0.3494857142857143,1.9047619047619049,55.79899716590365,102.38000000000002,2024,4,3,17
CAMP_141,Referral,5074.0,770.0,61.0,22.9,4148.59,Georgia,2024-08-09,15.17540402049665,0.029740259740259737,7.922077922077922,18016.113537117908,4125.6900000000005,2024,8,4,32
CAMP_142,Display Ads,100.0,0.0,0.0,0.0,0.0,Massachusetts,2024-12-20,0.0,0.0,0.0,0.0,0.0,2024,12,4,51
CAMP_143,Video Ads,62276.0,678.0,6.0,601.11,279.74,North Carolina,2024-12-02,1.0887019076369708,0.8865929203539823,0.8849557522123894,-53.46276055963135,-321.37,2024,12,0,49
CAMP_144,Email,8487.0,860.0,40.0,69.02,4186.54,New York,2024-02-18,10.133144809708966,0.08025581395348837,4.651162790697675,5965.691104027817,4117.5199999999995,2024,2,6,7
CAMP_145,Search Engine,30844.0,1391.0,56.0,1354.26,4525.85,Pennsylvania,2024-08-07,4.5097912073661,0.9735873472322071,4.02588066139468,234.1935817346743,3171.59,2024,8,2,32
CAMP_146,Search Engine,39313.0,1502.0,138.0,2138.57,10369.99,Florida,2024-04-10,3.820619133619922,1.4238149134487352,9.187749667110518,384.902995927185,8231.42,2024,4,2,15
CAMP_147,Referral,6121.0,1133.0,84.0,50.39,7502.89,Georgia,2024-10-06,18.51004737787943,0.04447484554280671,7.413945278022947,14789.640801746378,7452.5,2024,10,6,40
CAMP_148,Referral,7384.0,498.0,62.0,23.96,7360.04,Illinois,2024-05-04,6.7443120260021665,0.04811244979919679,12.449799196787147,30618.030050083475,7336.08,2024,5,5,18
CAMP_149,Referral,4147.0,705.0,74.0,21.05,4967.81,Texas,2024-04-23,17.00024113817217,0.029858156028368794,10.49645390070922,23500.047505938244,4946.76,2024,4,1,17
CAMP_150,Video Ads,86855.0,796.0,19.0,808.95,764.95,Georgia,2024-01-24,0.9164699787001324,1.0162688442211056,2.386934673366834,-5.43914951480314,-44.0,2024,1,2,4
CAMP_151,Display Ads,112152.0,526.0,9.0,204.26,408.49,Ohio,2024-06-14,0.469006348526999,0.3883269961977186,1.7110266159695817,99.98531283658085,204.23000000000002,2024,6,4,24
CAMP_152,Social Media,58228.0,1325.0,28.0,510.75,1077.97,Virginia,2024-11-11,2.2755375420759774,0.38547169811320753,2.1132075471698113,111.05628976994618,567.22,2024,11,0,46
CAMP_153,Search Engine,38998.0,1923.0,127.0,3136.2,11242.15,California,2024-10-05,4.931022103697626,1.6308892355694227,6.6042641705668235,258.46406479178626,8105.95,2024,10,5,40
CAMP_154,Display Ads,75356.0,418.0,6.0,134.57,208.94,Washington,2024-06-14,0.554700355645204,0.3219377990430622,1.4354066985645932,55.26491788660177,74.37,2024,6,4,24
CAMP_155,Display Ads,72019.0,441.0,5.0,163.61,184.52,Arizona,2024-09-05,0.6123384106971772,0.3709977324263039,1.1337868480725624,12.780392396552775,20.909999999999997,2024,9,3,36
CAMP_156,Social Media,71800.0,1351.0,31.0,853.95,1467.92,Ohio,2024-03-24,1.8816155988857937,0.6320873427091044,2.29459659511473,71.89765208735875,613.97,2024,3,6,12
CAMP_157,Search Engine,25015.0,1581.0,103.0,1903.58,7830.7,Virginia,2024-08-11,6.320207875274835,1.204035420619861,6.514864010120178,311.36700322550143,5927.12,2024,8,6,32
CAMP_158,Search Engine,39052.0,1349.0,127.0,2068.87,9594.58,North Carolina,2024-01-09,3.45436853426201,1.5336323202372126,9.414381022979985,363.75944356097773,7525.71,2024,1,1,2
CAMP_159,Search Engine,21508.0,991.0,81.0,1462.91,6350.97,Florida,2024-04-24,4.6075878742793375,1.4761957618567105,8.173562058526741,334.1326534099842,4888.06,2024,4,2,17
CAMP_160,Display Ads,87663.0,456.0,28.0,146.36,283.24,Washington,2024-01-21,0.5201738475753739,0.3209649122807018,6.140350877192982,93.5228204427439,136.88,2024,1,6,3
CAMP_161,Video Ads,55861.0,498.0,8.0,676.07,333.83,Michigan,2024-08-31,0.891498541021464,1.357570281124498,1.6064257028112447,-50.621977014214515,-342.24000000000007,2024,8,5,35
CAMP_162,Video Ads,112700.0,1308.0,19.0,876.4,1374.11,New Jersey,2024-02-25,1.160603371783496,0.6700305810397553,1.452599388379205,56.790278411684156,497.7099999999999,2024,2,6,8
CAMP_163,Video Ads,63251.0,622.0,9.0,783.69,354.56,New York,2024-09-28,0.9833836619183887,1.259951768488746,1.4469453376205788,-54.757620998098744,-429.13000000000005,2024,9,5,39
CAMP_164,Social Media,68983.0,1326.0,41.0,771.12,2607.51,Florida,2024-07-01,1.9222127190757146,0.5815384615384616,3.092006033182504,238.14581388110804,1836.3900000000003,2024,7,0,27
CAMP_165,Email,10998.0,1223.0,55.0,94.53,2071.03,Arizona,2024-02-18,11.120203673395162,0.07729354047424367,4.497138184791496,2090.870623082619,1976.5000000000002,2024,2,6,7
CAMP_166,Referral,4733.0,659.0,74.0,17.69,7710.99,Ohio,2024-08-22,13.923515740545108,0.026843702579666163,11.229135053110774,43489.54211418881,7693.3,2024,8,3,34
CAMP_167,Video Ads,58265.0,356.0,8.0,412.86,408.08,New Jersey,2024-07-07,0.6110014588517978,1.1597191011235954,2.247191011235955,-1.1577774548273094,-4.78000000000003,2024,7,6,27
CAMP_168,Video Ads,38956.0,325.0,4.0,319.47,170.27,New York,2024-12-14,0.8342745661772255,0.9829846153846155,1.2307692307692308,-46.70235076846026,-149.20000000000002,2024,12,5,50
CAMP_169,Video Ads,32683.0,258.0,0.0,234.09,0.0,Michigan,2024-02-26,0.7894012177584677,0.9073255813953488,0.0,-100.0,-234.09,2024,2,0,9
CAMP_170,Video Ads,56353.0,604.0,11.0,408.59,284.99,Georgia,2024-06-28,1.0718151651198695,0.6764735099337748,1.8211920529801324,-30.25037323478303,-123.59999999999997,2024,6,4,26
CAMP_171,Video Ads,53920.0,0.0,0.0,0.0,0.0,Michigan,2024-10-12,0.0,0.0,0.0,0.0,0.0,2024,10,5,41
CAMP_172,Video Ads,42355.0,523.0,9.0,290.04,1299.005,New Jersey,2024-08-19,1.2348010860583167,0.5545697896749522,1.7208413001912046,347.87098331264656,1008.9650000000001,2024,8,0,34
CAMP_173,Referral,32683.0,826.0,64.0,163.61,3051.06,Washington,2024-03-01,2.5273077746840866,0.19807506053268767,7.74818401937046,1764.837112645926,2887.45,2024,3,4,9
CAMP_174,Search Engine,30611.0,1290.0,117.0,1923.3,1299.005,Texas,2024-03-23,4.2141713763026365,1.4909302325581395,9.069767441860465,-32.45957468933603,-624.2949999999998,2024,3,5,12
CAMP_175,Referral,7123.0,1203.0,129.0,53.77,8452.03,New York,2024-06-24,16.888951284571107,0.04469659185369909,10.723192019950124,15618.858099311885,8398.26,2024,6,0,26
CAMP_176,Referral,4979.0,766.0,85.0,29.06,3436.92,Washington,2024-12-20,15.384615384615385,0.03793733681462141,11.096605744125327,11726.978664831384,3407.86,2024,12,4,51
CAMP_177,Referral,6083.0,960.0,85.0,42.93,5298.62,Pennsylvania,2024-09-10,15.781686667762617,0.04471875,8.854166666666668,12242.464477055672,5255.69,2024,9,1,37
CAMP_178,Search Engine,28168.0,0.0,0.0,0.0,1299.005,Washington,2024-06-27,0.0,0.0,0.0,0.0,1299.005,2024,6,3,26
CAMP_179,Search Engine,26783.0,0.0,0.0,0.0,0.0,Arizona,2024-04-06,0.0,0.0,0.0,0.0,0.0,2024,4,5,14
CAMP_180,Search Engine,25149.0,1130.0,75.0,977.01,4857.75,Arizona,2024-07-03,4.493220406377987,0.8646106194690265,6.637168141592921,397.2057604323395,3880.74,2024,7,2,27
CAMP_181,Social Media,63412.0,1346.0,14.0,538.92,512.89,North Carolina,2024-04-21,2.122626632183183,0.4003863298662704,1.040118870728083,-4.8300304312328315,-26.029999999999973,2024,4,6,16
CAMP_182,Referral,3474.0,516.0,52.0,45.23,4460.33,Pennsylvania,2024-01-30,14.853195164075995,0.08765503875968991,10.077519379844961,9761.441521114306,4415.1,2024,1,1,5
CAMP_183,Video Ads,65684.0,502.0,13.0,530.06,709.56,Illinois,2024-01-31,0.7642652700809939,1.0558964143426293,2.589641434262948,33.864090857638764,179.5,2024,1,2,5
CAMP_184,Video Ads,45412.0,0.0,0.0,0.0,0.0,Arizona,2024-01-14,0.0,0.0,0.0,0.0,0.0,2024,1,6,2
CAMP_185,Search Engine,20628.0,0.0,0.0,0.0,0.0,Virginia,2024-07-30,0.0,0.0,0.0,0.0,0.0,2024,7,1,31
CAMP_186,Referral,7197.0,1268.0,134.0,71.74,9683.68,Virginia,2024-12-31,17.618452132833127,0.056577287066246054,10.56782334384858,13398.299414552554,9611.94,2024,12,1,1
CAMP_187,Social Media,42308.0,463.0,10.0,313.32,437.75,Texas,2024-07-16,1.0943556774132552,0.6767170626349892,2.159827213822894,39.71339205923657,124.43,2024,7,1,29
CAMP_188,Video Ads,62143.0,579.0,0.0,492.58,0.0,North Carolina,2024-01-01,0.9317219960413884,0.8507426597582037,0.0,-100.0,-492.58,2024,1,0,1
CAMP_189,Social Media,42946.0,671.0,16.0,232.83,886.39,New Jersey,2024-07-25,1.5624272342010896,0.34698956780923995,2.384500745156483,280.70265859210576,653.56,2024,7,3,30
CAMP_190,Search Engine,20726.0,832.0,76.0,977.35,3913.1,Illinois,2024-04-24,4.014281578693429,1.1746995192307692,9.134615384615383,300.37857471734793,2935.75,2024,4,2,17
CAMP_191,Social Media,16917.0,352.0,0.0,136.0,0.0,Georgia,2024-12-26,2.0807471773955193,0.38636363636363635,0.0,-100.0,-136.0,2024,12,3,52
CAMP_192,Social Media,75311.0,1456.0,53.0,826.54,2290.42,Georgia,2024-03-19,1.9333165141878346,0.5676785714285714,3.6401098901098905,177.10939579451693,1463.88,2024,3,1,12
CAMP_193,Display Ads,84526.0,401.0,8.0,74.27,411.32,Texas,2024-10-06,0.4744102406360173,0.18521197007481296,1.99501246882793,453.8171536286523,337.05,2024,10,6,40
CAMP_194,Social Media,48959.0,710.0,25.0,391.83,889.11,Virginia,2024-07-22,1.4501930186482568,0.5518732394366197,3.5211267605633805,126.91218130311617,497.28000000000003,2024,7,0,30
CAMP_195,Referral,3478.0,677.0,53.0,35.48,3757.98,Pennsylvania,2024-06-14,19.465209890741804,0.05240768094534712,7.828655834564254,10491.826381059753,3722.5,2024,6,4,24
CAMP_196,Search Engine,25508.0,1316.0,118.0,960.53,10291.96,California,2024-03-03,5.159165751920966,0.7298860182370821,8.966565349544073,971.4876162118829,9331.429999999998,2024,3,6,9
CAMP_197,Display Ads,82310.0,388.0,5.0,133.28,270.01,New Jersey,2024-10-15,0.47138865265459845,0.34350515463917525,1.2886597938144329,102.58853541416566,136.73,2024,10,1,42
CAMP_198,Referral,5368.0,562.0,48.0,28.65,2204.66,North Carolina,2024-12-01,10.469448584202683,0.05097864768683274,8.540925266903916,7595.148342059336,2176.0099999999998,2024,12,6,48
CAMP_199,Email,14529.0,1170.0,29.0,109.78,1762.69,Texas,2024-09-19,8.052859797646088,0.09382905982905983,2.4786324786324787,1505.6567680816179,1652.91,2024,9,3,38
CAMP_200,Social Media,76850.0,1404.0,0.0,292.12,0.0,New York,2024-08-02,1.826935588809369,0.20806267806267806,0.0,-100.0,-292.12,2024,8,4,31
CAMP_201,Display Ads,105134.0,591.0,11.0,179.13,463.41,Pennsylvania,2024-03-06,0.5621397454676889,0.3030964467005076,1.8612521150592216,158.7003851951097,284.28000000000003,2024,3,2,10
CAMP_202,Display Ads,76061.0,343.0,3.0,57.95,165.94,Georgia,2024-08-10,0.4509538396813085,0.16895043731778425,0.8746355685131195,186.35030198446935,107.99,2024,8,5,32
CAMP_203,Social Media,23231.0,371.0,28.0,161.93,399.78,Massachusetts,2024-04-12,1.597004003271491,0.43646900269541783,7.547169811320755,146.88445624652624,237.84999999999997,2024,4,4,15
CAMP_204,Search Engine,17526.0,975.0,72.0,604.8,360.0,Washington,2024-03-29,5.563163300239644,0.6203076923076922,7.384615384615385,-40.476190476190474,-244.79999999999995,2024,3,4,13
CAMP_205,Referral,4370.0,585.0,66.0,26.66,7001.85,Michigan,2024-06-24,13.386727688787186,0.04557264957264957,11.282051282051283,26163.503375843964,6975.1900000000005,2024,6,0,26
CAMP_206,Search Engine,29632.0,1412.0,121.0,919.93,11799.88,Georgia,2024-01-10,4.765118790496761,0.6515084985835694,8.569405099150142,1182.6932483993346,10879.949999999999,2024,1,2,2
CAMP_207,Search Engine,41416.0,980.0,28.0,1325.41,4709.4,New Jersey,2024-04-14,2.3662352713926986,1.3524591836734694,2.857142857142857,255.3164681117541,3383.99,2024,4,6,15
CAMP_208,Referral,5707.0,1085.0,0.0,44.22,0.0,New Jersey,2024-01-16,19.011739968459786,0.040755760368663595,0.0,-100.0,-44.22,2024,1,1,3
CAMP_209,Search Engine,32683.0,1582.0,139.0,2444.97,16462.63,Massachusetts,2024-05-10,4.840436924394945,1.5454930467762324,8.786346396965866,573.3264620833794,14017.660000000002,2024,5,4,19
CAMP_210,Video Ads,74309.0,739.0,22.0,460.93,1894.41,Washington,2024-08-14,0.9944959560753073,0.6237212449255751,2.9769959404600814,310.99733148200374,1433.48,2024,8,2,33
CAMP_211,Display Ads,17360.0,69.0,1.0,28.66,62.42,California,2024-03-09,0.3974654377880184,0.4153623188405797,1.4492753623188406,117.79483600837406,33.760000000000005,2024,3,5,10
CAMP_212,Search Engine,38277.0,0.0,0.0,0.0,0.0,Florida,2024-06-30,0.0,0.0,0.0,0.0,0.0,2024,6,6,26
CAMP_213,Search Engine,38535.0,1993.0,135.0,2685.54,8086.97,Washington,2024-08-01,5.171921629687297,1.3474862017059708,6.77370797792273,201.1301265294876,5401.43,2024,8,3,31
CAMP_214,Social Media,28554.0,395.0,9.0,200.73,453.25,Ohio,2024-01-09,1.3833438397422428,0.5081772151898734,2.278481012658228,125.80082698151746,252.52,2024,1,1,2
CAMP_215,Search Engine,44056.0,2077.0,136.0,1820.81,6348.99,Virginia,2024-02-01,4.714454330851643,0.8766538276360134,6.547905633124699,248.69041800077989,4528.18,2024,2,3,5
CAMP_216,Display Ads,107399.0,588.0,6.0,248.39,248.5,Massachusetts,2024-04-18,0.5474911312023389,0.42243197278911565,1.0204081632653061,0.04428519666653796,0.11000000000001364,2024,4,3,16
CAMP_217,Email,8929.0,638.0,32.0,73.28,2070.88,North Carolina,2024-01-20,7.145257027662673,0.114858934169279,5.015673981191222,2725.9825327510916,1997.6000000000001,2024,1,5,3
CAMP_218,Display Ads,94393.0,442.0,8.0,161.3,450.56,New York,2024-05-01,0.46825506128632416,0.3649321266968326,1.809954751131222,179.33044017358958,289.26,2024,5,2,18
CAMP_219,Video Ads,75007.0,615.0,13.0,506.78,777.61,Michigan,2024-07-19,0.8199234738091112,0.8240325203252032,2.113821138211382,53.4413354907455,270.83000000000004,2024,7,4,29
CAMP_220,Search Engine,30705.0,1299.0,113.0,2262.16,1299.005,Ohio,2024-10-06,4.230581338544211,1.741462663587375,8.69899923017706,-42.57678501962725,-963.1549999999997,2024,10,6,40
CAMP_221,Referral,6153.0,1052.0,133.0,68.35,5460.29,Illinois,2024-05-11,17.09735088574679,0.06497148288973384,12.642585551330798,7888.719824433065,5391.94,2024,5,5,19
CAMP_222,Display Ads,52051.0,281.0,4.0,80.63,49.31,Washington,2024-01-20,0.5398551420721984,0.2869395017793594,1.4234875444839856,-38.84410269130596,-31.319999999999993,2024,1,5,3
CAMP_223,Search Engine,31573.0,1661.0,125.0,2328.07,14339.86,North Carolina,2024-10-13,5.260824121876287,1.4016074653822999,7.525586995785671,515.9548467185265,12011.79,2024,10,6,41
CAMP_224,Social Media,51235.0,1020.0,31.0,644.31,1958.8,New York,2024-11-22,1.9908265833902605,0.6316764705882353,3.0392156862745097,204.01514798776986,1314.49,2024,11,4,47
CAMP_225,Video Ads,49223.0,500.0,9.0,559.49,405.37,New York,2024-01-28,1.0157853036182272,1.11898,1.7999999999999998,-27.54651557668591,-154.12,2024,1,6,4
CAMP_226,Display Ads,78568.0,593.0,0.0,212.07,0.0,Massachusetts,2024-09-10,0.754760207718155,0.35762225969645867,0.0,-100.0,-212.07,2024,9,1,37
CAMP_227,Referral,6621.0,687.0,73.0,40.33,6106.24,New York,2024-10-27,10.376076121431808,0.05870451237263464,10.625909752547306,15040.689313166376,6065.91,2024,10,6,43
CAMP_228,Social Media,26044.0,623.0,22.0,280.84,962.89,Washington,2024-05-11,2.392105667332207,0.45078651685393256,3.5313001605136436,242.8607036034753,682.05,2024,5,5,19
CAMP_229,Search Engine,29600.0,1453.0,140.0,1455.12,10432.63,California,2024-12-25,4.908783783783783,1.0014590502408809,9.635237439779766,616.9601132552641,8977.509999999998,2024,12,2,52
CAMP_230,Referral,4976.0,629.0,74.0,28.69,6665.16,North Carolina,2024-07-11,12.640675241157556,0.045612082670906204,11.76470588235294,23131.648658069014,6636.47,2024,7,3,28
CAMP_231,Email,9504.0,978.0,59.0,163.61,4810.76,North Carolina,2024-10-08,10.29040404040404,0.16729038854805728,6.032719836400818,2840.382617199438,4647.150000000001,2024,10,1,41
CAMP_232,Search Engine,40044.0,2219.0,155.0,2220.62,12985.59,Washington,2024-10-07,5.54140445509939,1.0007300585849481,6.985128436232538,484.77317145662033,10764.970000000001,2024,10,0,41
CAMP_233,Search Engine,29642.0,1559.0,92.0,2032.7,10032.42,California,2024-07-28,5.259429188313879,1.3038486209108404,5.9012187299551,393.5514340532297,7999.72,2024,7,6,30
CAMP_234,Search Engine,17221.0,711.0,52.0,793.15,4101.41,Washington,2024-10-10,4.128680099878055,1.1155414908579466,7.313642756680731,417.1039525940868,3308.2599999999998,2024,10,3,41
CAMP_235,Social Media,41133.0,873.0,29.0,640.66,1166.79,New Jersey,2024-11-16,2.1223834877105974,0.7338602520045818,3.3218785796105386,82.12312302937596,526.13,2024,11,5,46
CAMP_236,Search Engine,29127.0,1182.0,98.0,1507.02,8893.35,California,2024-06-22,4.058090431558348,1.27497461928934,8.29103214890017,490.1282000238882,7386.33,2024,6,5,25
CAMP_237,Email,8825.0,1095.0,0.0,103.04,0.0,California,2024-06-03,12.407932011331445,0.09410045662100457,0.0,-100.0,-103.04,2024,6,0,23
CAMP_238,Referral,6466.0,981.0,60.0,39.32,4766.11,Ohio,2024-11-19,15.171667182183729,0.04008154943934761,6.116207951070336,12021.337741607324,4726.79,2024,11,1,47
CAMP_239,Display Ads,112741.0,540.0,8.0,121.39,279.21,Arizona,2024-07-22,0.47897393140028915,0.2247962962962963,1.4814814814814816,130.01070928412554,157.82,2024,7,0,30
CAMP_240,Search Engine,33416.0,934.0,80.0,1341.59,9783.58,North Carolina,2024-09-02,2.7950682307876464,1.436391862955032,8.565310492505352,629.2526032543475,8441.99,2024,9,0,36
CAMP_241,Referral,4638.0,808.0,101.0,53.92,8512.56,Massachusetts,2024-11-23,17.421302285467874,0.06673267326732674,12.5,15687.388724035605,8458.64,2024,11,5,47
CAMP_242,Email,3663.0,377.0,18.0,42.32,964.09,Florida,2024-03-07,10.292110292110292,0.11225464190981432,4.774535809018567,2178.0954631379964,921.77,2024,3,3,10
CAMP_243,Email,10325.0,1028.0,0.0,92.82,0.0,Pennsylvania,2024-05-22,9.95641646489104,0.09029182879377431,0.0,-100.0,-92.82,2024,5,2,21
CAMP_244,Social Media,83900.0,1800.0,46.0,811.35,2193.97,New Jersey,2024-01-14,2.1454112038140645,0.45075000000000004,2.555555555555556,170.40981080914523,1382.62,2024,1,6,2
CAMP_245,Referral,3566.0,617.0,51.0,24.79,4142.27,Texas,2024-02-29,17.302299495232752,0.040178282009724474,8.26580226904376,16609.439290036305,4117.4800000000005,2024,2,3,9
CAMP_246,Display Ads,99904.0,589.0,8.0,241.98,362.56,Illinois,2024-11-04,0.5895659833440102,0.41083191850594225,1.3582342954159592,49.8305645094636,120.58000000000001,2024,11,0,45
CAMP_247,Email,9621.0,839.0,36.0,92.94,1787.88,Massachusetts,2024-12-05,8.720507223781311,0.11077473182359952,4.290822407628129,1823.6927049709489,1694.94,2024,12,3,49
CAMP_248,Display Ads,68761.0,253.0,4.0,90.39,196.48,Arizona,2024-02-03,0.3679411294192929,0.3572727272727273,1.5810276679841897,117.36917800641662,106.08999999999999,2024,2,5,5
CAMP_249,Social Media,37492.0,718.0,32.0,341.27,987.03,New Jersey,2024-06-09,1.9150752160460898,0.47530640668523677,4.456824512534819,189.2226096639025,645.76,2024,6,6,23
CAMP_250,Social Media,53340.0,1178.0,16.0,248.01,1154.38,Michigan,2024-02-16,2.2084739407574054,0.21053480475382003,1.3582342954159592,365.45703802266047,906.3700000000001,2024,2,4,7
CAMP_251,Display Ads,32683.0,338.0,7.0,82.4,254.22,Massachusetts,2024-12-03,1.0341767891564422,0.24378698224852072,2.0710059171597637,208.51941747572815,171.82,2024,12,1,49
CAMP_252,Referral,4430.0,0.0,0.0,0.0,0.0,Texas,2024-02-14,0.0,0.0,0.0,0.0,0.0,2024,2,2,7
CAMP_253,Display Ads,40947.0,230.0,3.0,53.44,174.1,New York,2024-07-03,0.5617017119691309,0.2323478260869565,1.3043478260869565,225.7859281437126,120.66,2024,7,2,27
CAMP_254,Display Ads,67575.0,379.0,7.0,53.28,380.7,New York,2024-11-05,0.5608583055863855,0.14058047493403694,1.8469656992084433,614.527027027027,327.41999999999996,2024,11,1,45
CAMP_255,Social Media,41263.0,834.0,32.0,570.84,2184.83,Florida,2024-12-20,2.021181203499503,0.6844604316546763,3.8369304556354913,282.7394716558054,1613.9899999999998,2024,12,4,51
CAMP_256,Display Ads,83291.0,403.0,5.0,112.46,170.94,Ohio,2024-07-06,0.48384579366318087,0.2790570719602978,1.240694789081886,52.000711364040555,58.480000000000004,2024,7,5,27
CAMP_257,Search Engine,20171.0,925.0,41.0,1604.05,1766.45,Massachusetts,2024-07-05,4.585791482821873,1.734108108108108,4.4324324324324325,10.12437268164958,162.4000000000001,2024,7,4,27
CAMP_258,Referral,7501.0,1595.0,0.0,62.62,0.0,Ohio,2024-01-06,21.263831489134784,0.039260188087774296,0.0,-100.0,-62.62,2024,1,5,1
CAMP_259,Display Ads,53688.0,172.0,2.0,42.88,65.91,Texas,2024-11-18,0.32036954254209504,0.24930232558139537,1.1627906976744187,53.70802238805968,23.029999999999994,2024,11,0,47
CAMP_260,Social Media,73299.0,1478.0,53.0,562.71,2898.08,North Carolina,2024-02-10,2.0163985866110044,0.380723951285521,3.585926928281461,415.0219473618737,2335.37,2024,2,5,6
CAMP_261,Search Engine,26584.0,1334.0,73.0,1542.94,6040.51,Arizona,2024-02-16,5.018055973517906,1.1566266866566717,5.472263868065967,291.49351238544597,4497.57,2024,2,4,7
CAMP_262,Display Ads,136069.0,655.0,11.0,207.04,1299.005,Ohio,2024-04-14,0.48137342083795726,0.3160916030534351,1.6793893129770994,527.4174072642968,1091.9650000000001,2024,4,6,15
CAMP_263,Display Ads,38494.0,205.0,2.0,106.07,104.96,New York,2024-08-25,0.5325505273549125,0.5174146341463415,0.975609756097561,-1.0464787404544162,-1.1099999999999994,2024,8,6,34
CAMP_264,Email,11133.0,1187.0,65.0,90.54,5669.88,Illinois,2024-01-28,10.661995868139766,0.07627632687447347,5.475989890480202,6162.292909211398,5579.34,2024,1,6,4
CAMP_265,Email,11870.0,1758.0,61.0,109.21,4933.19,Arizona,2024-12-08,14.81044650379107,0.06212172923777019,3.4698521046643913,4417.1596007691605,4823.98,2024,12,6,49
CAMP_266,Search Engine,31545.0,2052.0,100.0,3080.99,13101.25,Michigan,2024-01-31,6.504992867332382,1.5014571150097464,4.8732943469785575,325.2285791255408,10020.26,2024,1,2,5
CAMP_267,Video Ads,76317.0,661.0,13.0,927.86,620.77,Massachusetts,2024-07-24,0.8661241925128084,1.4037216338880485,1.9667170953101363,-33.096587847304555,-307.09000000000003,2024,7,2,30
CAMP_268,Search Engine,13107.0,548.0,45.0,704.3,3159.12,Pennsylvania,2024-07-26,4.180971999694819,1.2852189781021897,8.211678832116789,348.5474939656396,2454.8199999999997,2024,7,4,30
CAMP_269,Referral,6598.0,718.0,0.0,48.74,0.0,Virginia,2024-03-03,10.882085480448621,0.06788300835654597,0.0,-100.0,-48.74,2024,3,6,9
CAMP_270,Social Media,68283.0,1389.0,34.0,581.85,1735.7,Virginia,2024-09-03,2.034181274987918,0.4188984881209503,2.4478041756659468,198.3071238291656,1153.85,2024,9,1,36
CAMP_271,Email,11761.0,818.0,0.0,91.76,0.0,Arizona,2024-08-23,6.9551908851288164,0.11217603911980441,0.0,-100.0,-91.76,2024,8,4,34
CAMP_272,Display Ads,97061.0,718.0,0.0,0.0,0.0,Washington,2024-01-25,0.7397409876263381,0.0,0.0,0.0,0.0,2024,1,3,4
CAMP_273,Video Ads,60706.0,776.0,15.0,163.61,638.72,Florida,2024-12-03,1.2782920963331466,0.2108376288659794,1.9329896907216495,290.3917853431942,475.11,2024,12,1,49
CAMP_274,Search Engine,19935.0,968.0,86.0,1434.83,2728.69,Georgia,2024-01-10,4.855781289189867,1.4822623966942148,8.884297520661157,90.17514269983205,1293.8600000000001,2024,1,2,2
CAMP_275,Email,15331.0,1797.0,86.0,226.49,3979.0,Georgia,2024-05-03,11.721348900919706,0.1260378408458542,4.785754034501948,1656.8104552077355,3752.51,2024,5,4,18
CAMP_276,Display Ads,63387.0,359.0,5.0,154.11,248.64,New Jersey,2024-02-17,0.5663621878303122,0.42927576601671313,1.392757660167131,61.339303095191724,94.52999999999997,2024,2,5,7
CAMP_277,Video Ads,77953.0,657.0,13.0,649.23,714.1,Texas,2024-11-20,0.8428155426988058,0.9881735159817352,1.97869101978691,9.991836483218583,64.87,2024,11,2,47
CAMP_278,Search Engine,31364.0,1050.0,83.0,1549.44,6022.92,Texas,2024-03-29,3.3477872720316286,1.475657142857143,7.904761904761905,288.7159231722428,4473.48,2024,3,4,13
CAMP_279,Social Media,47782.0,653.0,10.0,404.13,243.51,Washington,2024-04-18,1.3666234146749823,0.6188820826952527,1.5313935681470139,-39.744636626828,-160.62,2024,4,3,16
CAMP_280,Social Media,49043.0,707.0,25.0,400.9,1180.93,Massachusetts,2024-07-29,1.441592072263116,0.567043847241867,3.536067892503536,194.56971813419807,780.0300000000001,2024,7,0,31
CAMP_281,Social Media,49232.0,1366.0,58.0,675.65,2389.2,Massachusetts,2024-05-01,2.7746181345466363,0.49461932650073204,4.24597364568082,253.61503737142007,1713.5499999999997,2024,5,2,18
CAMP_282,Email,13040.0,1258.0,27.0,155.84,1254.66,Florida,2024-02-21,9.64723926380368,0.123879173290938,2.146263910969793,705.0949691991788,1098.8200000000002,2024,2,2,8
CAMP_283,Email,7038.0,531.0,26.0,38.97,2137.87,Washington,2024-10-17,7.544757033248081,0.07338983050847457,4.8964218455743875,5385.937900949449,2098.9,2024,10,3,42
CAMP_284,Video Ads,67418.0,637.0,13.0,340.12,370.34,New Jersey,2024-11-30,0.9448515233320478,0.5339403453689168,2.0408163265306123,8.88509937669057,30.21999999999997,2024,11,5,48
CAMP_285,Referral,4192.0,653.0,52.0,46.54,4116.97,New Jersey,2024-03-03,15.577290076335878,0.07127105666156203,7.9632465543644715,8746.089385474861,4070.4300000000003,2024,3,6,9
CAMP_286,Social Media,36327.0,817.0,34.0,360.83,1489.28,California,2024-02-07,2.249015883502629,0.44165238678090574,4.16156670746634,312.73730011362693,1128.45,2024,2,2,6
CAMP_287,Email,8334.0,1114.0,75.0,114.04,4839.01,Michigan,2024-04-29,13.366930645548356,0.10236983842010773,6.732495511669659,4143.256752016836,4724.97,2024,4,0,18
CAMP_288,Social Media,34101.0,0.0,0.0,0.0,0.0,Pennsylvania,2024-10-26,0.0,0.0,0.0,0.0,0.0,2024,10,5,43
CAMP_289,Email,11120.0,1095.0,62.0,136.31,1299.005,Florida,2024-02-21,9.847122302158272,0.12448401826484018,5.662100456621005,852.9785048785858,1162.6950000000002,2024,2,2,8
CAMP_290,Search Engine,24902.0,0.0,0.0,0.0,0.0,Arizona,2024-09-12,0.0,0.0,0.0,0.0,0.0,2024,9,3,37
CAMP_291,Email,4237.0,188.0,0.0,163.61,0.0,Michigan,2024-05-15,4.437101722917158,0.8702659574468086,0.0,-100.0,-163.61,2024,5,2,20
CAMP_292,Referral,6009.0,1085.0,93.0,39.77,6100.29,Arizona,2024-10-01,18.05624895989349,0.03665437788018434,8.571428571428571,15238.923811918528,6060.5199999999995,2024,10,1,40
CAMP_293,Referral,2103.0,349.0,48.0,10.88,2778.4,Washington,2024-11-05,16.595339990489776,0.031174785100286536,13.753581661891118,25436.76470588235,2767.52,2024,11,1,45
CAMP_294,Referral,6072.0,0.0,0.0,0.0,0.0,Georgia,2024-09-09,0.0,0.0,0.0,0.0,0.0,2024,9,0,37
CAMP_295,Display Ads,86912.0,405.0,4.0,192.71,197.66,Georgia,2024-04-19,0.46598858615611194,0.4758271604938272,0.9876543209876543,2.5686264335011098,4.949999999999989,2024,4,4,16
CAMP_296,Social Media,83776.0,1798.0,61.0,887.09,3285.76,Arizona,2024-01-13,2.1461993888464477,0.4933759733036708,3.39265850945495,270.3975921270671,2398.67,2024,1,5,2
CAMP_297,Email,11345.0,767.0,51.0,64.3,2810.22,Ohio,2024-05-24,6.7606875275451745,0.08383311603650587,6.6492829204693615,4270.482115085536,2745.9199999999996,2024,5,4,21
CAMP_298,Video Ads,63905.0,667.0,16.0,491.97,714.18,Michigan,2024-02-20,1.0437367968077615,0.7375862068965517,2.39880059970015,45.16738825538141,222.20999999999992,2024,2,1,8
CAMP_299,Email,2949.0,304.0,22.0,22.27,1217.54,Arizona,2024-02-19,10.308579179382841,0.07325657894736842,7.236842105263158,5367.175572519084,1195.27,2024,2,0,8
CAMP_300,Display Ads,53457.0,225.0,3.0,72.93,98.18,California,2024-02-11,0.42089904035018794,0.3241333333333334,1.3333333333333335,34.62224050459344,25.25,2024,2,6,6
CAMP_301,Video Ads,53448.0,470.0,8.0,595.8,280.14,Georgia,2024-09-12,0.8793593773387218,1.267659574468085,1.702127659574468,-52.98086606243706,-315.65999999999997,2024,9,3,37
CAMP_302,Referral,6076.0,775.0,108.0,37.28,6675.16,Ohio,2024-06-01,12.755102040816327,0.04810322580645161,13.93548387096774,17805.472103004293,6637.88,2024,6,5,22
CAMP_303,Display Ads,48033.0,216.0,5.0,56.95,260.14,Pennsylvania,2024-09-10,0.44969083754918493,0.2636574074074074,2.314814814814815,356.7866549604916,203.19,2024,9,1,37
CAMP_304,Email,13013.0,1464.0,101.0,163.61,8986.82,Massachusetts,2024-07-01,11.250288173365096,0.11175546448087433,6.898907103825136,5392.8305115824205,8823.21,2024,7,0,27
CAMP_305,Video Ads,73241.0,444.0,7.0,478.49,368.89,New Jersey,2024-06-21,0.6062178288117311,1.0776801801801803,1.5765765765765765,-22.905389872306635,-109.60000000000002,2024,6,4,25
CAMP_306,Referral,5939.0,547.0,73.0,44.05,1476.52,Georgia,2024-08-20,9.210304765111973,0.08053016453382084,13.345521023765997,3251.918274687855,1432.47,2024,8,1,34
CAMP_307,Referral,1583.0,274.0,34.0,13.9,1996.75,Pennsylvania,2024-06-30,17.308907138344914,0.05072992700729927,12.408759124087592,14265.107913669064,1982.85,2024,6,6,26
CAMP_308,Search Engine,43400.0,1886.0,103.0,2479.76,8456.15,Michigan,2024-10-19,4.345622119815668,1.3148250265111348,5.461293743372217,241.00679097977218,5976.389999999999,2024,10,5,42
CAMP_309,Referral,5859.0,1119.0,130.0,58.35,10350.15,California,2024-01-08,19.098822324628774,0.052144772117962465,11.617515638963361,17638.04627249357,10291.8,2024,1,0,2
CAMP_310,Email,8562.0,845.0,0.0,122.16,0.0,Georgia,2024-05-06,9.869189441719223,0.1445680473372781,0.0,-100.0,-122.16,2024,5,0,19
CAMP_311,Email,6096.0,370.0,19.0,33.26,1013.05,Washington,2024-05-18,6.069553805774278,0.08989189189189188,5.135135135135135,2945.85087191822,979.79,2024,5,5,20
CAMP_312,Email,7385.0,544.0,28.0,41.44,0.0,Illinois,2024-08-27,7.366283006093433,0.07617647058823529,5.147058823529411,-100.0,-41.44,2024,8,1,35
CAMP_313,Email,12049.0,0.0,0.0,0.0,0.0,Illinois,2024-06-19,0.0,0.0,0.0,0.0,0.0,2024,6,2,25
CAMP_314,Referral,3353.0,662.0,71.0,33.47,5281.64,Arizona,2024-03-26,19.74351327169699,0.05055891238670695,10.725075528700906,15680.221093516582,5248.17,2024,3,1,13
CAMP_315,Video Ads,62265.0,696.0,14.0,617.88,704.43,Ohio,2024-08-21,1.117802939050831,0.8877586206896552,2.0114942528735633,14.00757428626917,86.54999999999995,2024,8,2,34
CAMP_316,Display Ads,106572.0,561.0,7.0,199.84,197.15,New Jersey,2024-12-02,0.5264046841571896,0.3562210338680927,1.2477718360071302,-1.3460768614891903,-2.6899999999999977,2024,12,0,49
CAMP_317,Video Ads,74068.0,618.0,16.0,423.23,928.81,Pennsylvania,2024-02-12,0.8343684182102932,0.6848381877022655,2.5889967637540456,119.45750537532783,505.5799999999999,2024,2,0,7
CAMP_318,Referral,7721.0,1084.0,125.0,32.24,6972.52,Virginia,2024-08-19,14.039632171998445,0.02974169741697417,11.531365313653136,21526.923076923078,6940.280000000001,2024,8,0,34
CAMP_319,Video Ads,71975.0,647.0,12.0,678.4,554.78,Washington,2024-06-21,0.898923237235151,1.048531684698609,1.8547140649149922,-18.222287735849058,-123.62,2024,6,4,25
CAMP_320,Video Ads,64283.0,588.0,11.0,509.9,1299.005,New York,2024-04-15,0.9147052875565856,0.8671768707482993,1.870748299319728,154.75681506177685,789.1050000000001,2024,4,0,16
CAMP_321,Search Engine,14761.0,800.0,54.0,886.04,4327.68,Virginia,2024-06-13,5.419687013074995,1.10755,6.75,388.4294162791748,3441.6400000000003,2024,6,3,24
CAMP_322,Search Engine,32720.0,1229.0,58.0,1409.17,3926.32,Arizona,2024-08-17,3.756112469437653,1.14659886086249,4.719283970707893,178.62642548450506,2517.15,2024,8,5,33
CAMP_323,Referral,4605.0,0.0,0.0,0.0,0.0,Pennsylvania,2024-09-27,0.0,0.0,0.0,0.0,0.0,2024,9,4,39
CAMP_324,Search Engine,11879.0,741.0,55.0,988.59,5542.98,Georgia,2024-03-23,6.2378988130314,1.3341295546558705,7.422402159244265,460.6955360665189,4554.389999999999,2024,3,5,12
CAMP_325,Social Media,49357.0,1261.0,28.0,479.15,1342.79,Washington,2024-04-11,2.5548554409708855,0.37997620935765264,2.2204599524187154,180.24418240634458,863.64,2024,4,3,15
CAMP_326,Email,8878.0,1060.0,53.0,78.52,4498.18,Arizona,2024-12-26,11.93962604190133,0.07407547169811321,5.0,5628.706062149771,4419.66,2024,12,3,52
CAMP_327,Email,11956.0,0.0,0.0,0.0,0.0,North Carolina,2024-04-24,0.0,0.0,0.0,0.0,0.0,2024,4,2,17
CAMP_328,Search Engine,46491.0,2226.0,163.0,2678.96,14597.42,Florida,2024-08-10,4.788023488417113,1.203486073674753,7.322551662174304,444.8913011019201,11918.46,2024,8,5,32
CAMP_329,Referral,3252.0,446.0,43.0,17.99,2688.84,New Jersey,2024-01-29,13.714637146371464,0.04033632286995515,9.641255605381167,14846.303501945527,2670.8500000000004,2024,1,0,5
CAMP_330,Video Ads,78958.0,803.0,14.0,696.18,818.82,Washington,2024-06-15,1.0169963778211202,0.8669738480697384,1.7434620174346203,17.616133758510745,122.6400000000001,2024,6,5,24
CAMP_331,Video Ads,64693.0,0.0,0.0,0.0,0.0,Pennsylvania,2024-11-13,0.0,0.0,0.0,0.0,0.0,2024,11,2,46
CAMP_332,Video Ads,50182.0,601.0,15.0,791.42,467.67,Virginia,2024-04-26,1.1976405882587382,1.316838602329451,2.4958402662229617,-40.90748275252078,-323.74999999999994,2024,4,4,17
CAMP_333,Social Media,55612.0,787.0,23.0,471.44,577.09,Arizona,2024-01-13,1.4151621952096671,0.5990343074968234,2.9224904701397714,22.4100627863567,105.65000000000003,2024,1,5,2
CAMP_334,Search Engine,27422.0,1633.0,166.0,2200.3,15529.61,New York,2024-10-26,5.955072569469769,1.3473974280465402,10.165339865278629,605.79511884743,13329.310000000001,2024,10,5,43
CAMP_335,Video Ads,59887.0,564.0,11.0,459.69,865.28,Texas,2024-06-25,0.9417736737522334,0.8150531914893617,1.950354609929078,88.23119928647566,405.59,2024,6,1,26
CAMP_336,Referral,3862.0,402.0,49.0,9.23,1716.56,Florida,2024-02-01,10.409114448472295,0.022960199004975125,12.189054726368159,18497.616468039003,1707.33,2024,2,3,5
CAMP_337,Social Media,38454.0,658.0,23.0,377.15,1575.86,California,2024-11-02,1.7111353825349767,0.5731762917933131,3.4954407294832825,317.8337531486146,1198.71,2024,11,5,44
CAMP_338,Referral,6557.0,1029.0,80.0,63.2,6721.19,Texas,2024-07-31,15.693152356260484,0.06141885325558795,7.774538386783285,10534.794303797467,6657.99,2024,7,2,31
CAMP_339,Video Ads,83535.0,889.0,21.0,805.32,1486.66,New Jersey,2024-02-02,1.06422457652481,0.9058717660292464,2.3622047244094486,84.60487756419808,681.34,2024,2,4,5
CAMP_340,Video Ads,70739.0,547.0,9.0,582.32,568.78,Washington,2024-02-08,0.7732651012878327,1.0645703839122487,1.6453382084095063,-2.325182030498708,-13.540000000000077,2024,2,3,6
CAMP_341,Referral,6867.0,970.0,99.0,28.41,8992.28,Arizona,2024-03-03,14.125527886995776,0.029288659793814432,10.206185567010309,31551.812741992257,8963.87,2024,3,6,9
CAMP_342,Email,10954.0,1132.0,67.0,121.05,4095.51,Michigan,2024-11-01,10.334124520723023,0.10693462897526501,5.918727915194346,3283.3209417596036,3974.46,2024,11,4,44
CAMP_343,Video Ads,49387.0,574.0,12.0,405.98,836.69,Georgia,2024-03-14,1.1622491748840789,0.7072822299651568,2.0905923344947737,106.09143307552095,430.71000000000004,2024,3,3,11
CAMP_344,Referral,6627.0,931.0,115.0,42.2,1299.005,North Carolina,2024-10-21,14.048589105175797,0.04532760472610097,12.352309344790548,2978.2109004739336,1256.805,2024,10,0,43
CAMP_345,Email,8940.0,936.0,39.0,102.21,3370.71,California,2024-07-20,10.46979865771812,0.10919871794871794,4.166666666666666,3197.8280011740535,3268.5,2024,7,5,29
CAMP_346,Search Engine,33724.0,0.0,0.0,0.0,0.0,Texas,2024-11-29,0.0,0.0,0.0,0.0,0.0,2024,11,4,48
CAMP_347,Display Ads,85650.0,432.0,28.0,77.93,314.06,California,2024-01-14,0.5043782837127846,0.18039351851851854,6.481481481481481,303.00269472603617,236.13,2024,1,6,2
CAMP_348,Video Ads,58377.0,735.0,13.0,693.1,902.95,Massachusetts,2024-05-07,1.259057505524436,0.9429931972789116,1.7687074829931975,30.277016303563702,209.85000000000002,2024,5,1,19
CAMP_349,Referral,5193.0,941.0,91.0,59.45,3165.81,North Carolina,2024-07-12,18.120546890044288,0.06317747077577046,9.670563230605739,5225.164003364172,3106.36,2024,7,4,28
CAMP_350,Email,13187.0,1427.0,59.0,149.56,3423.95,New York,2024-08-16,10.821263365435655,0.1048072880168185,4.134548002803083,2189.3487563519657,3274.39,2024,8,4,33
CAMP_351,Email,11054.0,761.0,42.0,62.06,4243.46,Pennsylvania,2024-02-14,6.884385742717567,0.08155059132720105,5.519053876478318,6737.673219465033,4181.4,2024,2,2,7
CAMP_352,Social Media,38234.0,693.0,23.0,373.12,1350.29,Arizona,2024-05-29,1.812522885389967,0.5384126984126985,3.318903318903319,261.89161663807886,977.17,2024,5,2,22
CAMP_353,Social Media,56355.0,1004.0,31.0,486.48,1343.99,Pennsylvania,2024-10-29,1.7815633040546537,0.4845418326693227,3.087649402390438,176.26829468837363,857.51,2024,10,1,44
CAMP_354,Referral,4438.0,630.0,89.0,18.35,3824.48,New Jersey,2024-03-02,14.195583596214512,0.02912698412698413,14.126984126984127,20741.85286103542,3806.13,2024,3,5,9
CAMP_355,Search Engine,30360.0,1472.0,79.0,2231.87,6454.15,Massachusetts,2024-02-12,4.848484848484849,1.5162160326086955,5.366847826086957,189.18126951838593,4222.28,2024,2,0,7
CAMP_356,Referral,4983.0,0.0,0.0,0.0,0.0,New Jersey,2024-03-06,0.0,0.0,0.0,0.0,0.0,2024,3,2,10
CAMP_357,Email,11324.0,1720.0,79.0,197.2,5655.77,New Jersey,2024-07-04,15.188979159307664,0.11465116279069766,4.593023255813954,2768.03752535497,5458.570000000001,2024,7,3,27
CAMP_358,Social Media,57780.0,0.0,0.0,0.0,0.0,Washington,2024-02-25,0.0,0.0,0.0,0.0,0.0,2024,2,6,8
CAMP_359,Video Ads,86768.0,776.0,16.0,856.55,1124.26,North Carolina,2024-12-16,0.8943389267932879,1.1038015463917525,2.0618556701030926,31.25445099527174,267.71000000000004,2024,12,0,51
CAMP_360,Social Media,64561.0,1013.0,37.0,606.91,1797.12,Virginia,2024-08-24,1.5690587196604762,0.5991214215202368,3.652517275419546,196.10980211233957,1190.21,2024,8,5,34
CAMP_361,Video Ads,94364.0,790.0,14.0,446.51,522.22,Texas,2024-12-07,0.8371836717392226,0.5652025316455697,1.7721518987341773,16.955947235224304,75.71000000000004,2024,12,5,49
CAMP_362,Video Ads,44085.0,476.0,0.0,424.55,0.0,Illinois,2024-12-20,1.079732335261427,0.8919117647058824,0.0,-100.0,-424.55,2024,12,4,51
CAMP_363,Social Media,42324.0,959.0,28.0,557.94,1454.18,Texas,2024-08-19,2.265853889046404,0.5817935349322211,2.9197080291970803,160.63375990249847,896.24,2024,8,0,34
CAMP_364,Display Ads,131486.0,616.0,12.0,215.55,545.07,Arizona,2024-10-18,0.46849094200142977,0.3499188311688312,1.948051948051948,152.8740431454419,329.52000000000004,2024,10,4,42
CAMP_365,Email,3726.0,513.0,28.0,65.86,1076.53,Illinois,2024-10-25,13.768115942028986,0.12838206627680313,5.458089668615984,1534.5733373823261,1010.67,2024,10,4,43
CAMP_366,Referral,8574.0,1319.0,118.0,83.07,8619.64,Pennsylvania,2024-12-28,15.383718217867973,0.06297952994692949,8.946171341925702,10276.357289033347,8536.57,2024,12,5,52
CAMP_367,Referral,3843.0,532.0,58.0,28.93,3705.16,Massachusetts,2024-06-30,13.843351548269581,0.0543796992481203,10.902255639097744,12707.328033183547,3676.23,2024,6,6,26
CAMP_368,Email,6525.0,645.0,40.0,79.83,3099.2,Ohio,2024-12-02,9.885057471264368,0.12376744186046511,6.2015503875969,3782.2497807841664,3019.37,2024,12,0,49
CAMP_369,Email,3969.0,381.0,20.0,32.68,1536.92,California,2024-05-04,9.599395313681027,0.0857742782152231,5.2493438320209975,4602.937576499388,1504.24,2024,5,5,18
CAMP_370,Referral,3499.0,402.0,34.0,17.61,1951.79,Massachusetts,2024-09-07,11.488996856244642,0.04380597014925373,8.45771144278607,10983.418512208973,1934.18,2024,9,5,36
CAMP_371,Email,32683.0,643.0,0.0,70.46,0.0,Washington,2024-12-31,1.9673836551112198,0.10958009331259719,0.0,-100.0,-70.46,2024,12,1,1
CAMP_372,Search Engine,32661.0,1456.0,139.0,3011.92,13885.44,New York,2024-08-06,4.45791616913138,2.0686263736263735,9.546703296703296,361.0162288506999,10873.52,2024,8,1,32
CAMP_373,Search Engine,34782.0,1288.0,69.0,163.61,4773.91,Michigan,2024-11-18,3.7030648036340637,0.12702639751552797,5.357142857142857,2817.8595440376503,4610.3,2024,11,0,47
CAMP_374,Search Engine,11599.0,642.0,39.0,637.42,3319.1,Pennsylvania,2024-11-27,5.534959910337098,0.9928660436137071,6.074766355140187,420.70848106429037,2681.68,2024,11,2,48
CAMP_375,Search Engine,50597.0,2317.0,195.0,1766.73,23471.41,Washington,2024-04-06,4.579322884756013,0.7625075528700906,8.416055243849806,1228.5227510711882,21704.68,2024,4,5,14
CAMP_376,Referral,5850.0,631.0,48.0,12.36,3467.88,Arizona,2024-12-03,10.786324786324785,0.01958795562599049,7.6069730586370845,27957.281553398057,3455.52,2024,12,1,49
CAMP_377,Social Media,59923.0,981.0,21.0,234.23,1314.98,Pennsylvania,2024-12-31,1.6371009462143082,0.23876656472986746,2.1406727828746175,461.4054561755539,1080.75,2024,12,1,1
CAMP_378,Search Engine,22565.0,1264.0,75.0,2612.14,7432.94,Florida,2024-10-03,5.6015953910924,2.0665664556962025,5.9335443037974684,184.55366098294883,4820.799999999999,2024,10,3,40
CAMP_379,Search Engine,44845.0,2218.0,169.0,2586.35,20560.18,Pennsylvania,2024-04-16,4.945924852268926,1.16607303877367,7.6194770063119925,694.9496394532837,17973.83,2024,4,1,16
CAMP_380,Referral,4854.0,621.0,35.0,14.54,324.9,Pennsylvania,2024-05-31,12.793572311495675,0.023413848631239933,5.636070853462158,2134.5254470426407,310.35999999999996,2024,5,4,22
CAMP_381,Display Ads,119726.0,672.0,6.0,264.39,146.99,Michigan,2024-11-22,0.5612815929706162,0.3934375,0.8928571428571428,-44.40410000378229,-117.39999999999998,2024,11,4,47
CAMP_382,Display Ads,22817.0,117.0,1.0,41.66,59.22,Texas,2024-12-01,0.5127755620809046,0.35606837606837605,0.8547008547008548,42.150744119059055,17.560000000000002,2024,12,6,48
CAMP_383,Video Ads,48662.0,487.0,12.0,361.47,430.05,Illinois,2024-02-05,1.0007808967983232,0.7422381930184806,2.4640657084188913,18.972528840567676,68.57999999999998,2024,2,0,6
CAMP_384,Social Media,44877.0,985.0,32.0,549.56,2079.05,New York,2024-08-04,2.1948882501058447,0.5579289340101522,3.248730964467005,278.311740301332,1529.4900000000002,2024,8,6,31
CAMP_385,Video Ads,50243.0,616.0,13.0,427.8,784.01,Georgia,2024-08-24,1.2260414386083633,0.6944805194805195,2.1103896103896105,83.26554464703132,356.21,2024,8,5,34
CAMP_386,Display Ads,90849.0,528.0,8.0,188.11,71.4,Florida,2024-09-20,0.5811841627315656,0.35626893939393944,1.5151515151515151,-62.04348519483281,-116.71000000000001,2024,9,4,38
CAMP_387,Display Ads,124138.0,627.0,7.0,165.29,485.81,California,2024-09-04,0.5050830527316373,0.26362041467304625,1.1164274322169059,193.91372738822673,320.52,2024,9,2,36
CAMP_388,Social Media,53390.0,0.0,0.0,0.0,0.0,Georgia,2024-03-19,0.0,0.0,0.0,0.0,0.0,2024,3,1,12
CAMP_389,Referral,5999.0,0.0,0.0,0.0,0.0,North Carolina,2024-02-02,0.0,0.0,0.0,0.0,0.0,2024,2,4,5
CAMP_390,Search Engine,19036.0,1069.0,101.0,1506.01,7548.34,Ohio,2024-08-07,5.615675562092877,1.408802619270346,9.448082319925163,401.2144673674146,6042.33,2024,8,2,32
CAMP_391,Search Engine,33980.0,1985.0,158.0,1517.46,11264.58,Arizona,2024-12-21,5.841671571512654,0.764463476070529,7.959697732997481,642.3312640860385,9747.119999999999,2024,12,5,51
CAMP_392,Video Ads,52317.0,681.0,13.0,846.38,721.81,Florida,2024-03-10,1.301680142209989,1.242848751835536,1.908957415565345,-14.717975377490022,-124.57000000000005,2024,3,6,10
CAMP_393,Referral,6444.0,756.0,54.0,39.91,4399.53,Arizona,2024-04-11,11.731843575418994,0.052791005291005284,7.142857142857142,10923.628163367577,4359.62,2024,4,3,15
CAMP_394,Social Media,38097.0,733.0,19.0,482.71,1115.07,Florida,2024-07-27,1.9240360133343835,0.6585402455661664,2.592087312414734,131.00205092084272,632.3599999999999,2024,7,5,30
CAMP_395,Email,10375.0,1124.0,38.0,128.54,1562.75,Washington,2024-04-12,10.833734939759037,0.1143594306049822,3.3807829181494666,1115.7694103002957,1434.21,2024,4,4,15
CAMP_396,Video Ads,68821.0,489.0,9.0,419.01,687.6,New Jersey,2024-08-18,0.710538934336903,0.8568711656441718,1.8404907975460123,64.10109543924966,268.59000000000003,2024,8,6,33
CAMP_397,Referral,5272.0,715.0,86.0,35.58,5372.73,Ohio,2024-08-05,13.562215477996965,0.04976223776223776,12.027972027972028,15000.421585160202,5337.15,2024,8,0,32
CAMP_398,Referral,5048.0,823.0,32.0,50.64,3007.35,Massachusetts,2024-07-06,16.30348652931854,0.06153098420413123,3.8882138517618468,5838.6848341232235,2956.71,2024,7,5,27
CAMP_399,Referral,7046.0,1233.0,112.0,67.15,8932.67,New Jersey,2024-11-16,17.49929037751916,0.05446066504460666,9.083536090835361,13202.561429635145,8865.52,2024,11,5,46
CAMP_400,Referral,5862.0,718.0,64.0,49.03,5180.25,Illinois,2024-04-08,12.248379392698737,0.06828690807799442,8.913649025069638,10465.47012033449,5131.22,2024,4,0,15
CAMP_401,Video Ads,73996.0,492.0,12.0,512.66,413.04,Arizona,2024-03-14,0.6649008054489431,1.0419918699186992,2.4390243902439024,-19.431982210431855,-99.61999999999995,2024,3,3,11
CAMP_402,Referral,6138.0,881.0,86.0,49.16,4484.13,Massachusetts,2024-06-25,14.353209514499838,0.055800227014755954,9.761634506242906,9021.501220504475,4434.97,2024,6,1,26
CAMP_403,Video Ads,32683.0,374.0,7.0,346.56,505.61,Georgia,2024-07-01,1.1443257962855307,0.9266310160427808,1.8716577540106951,45.89392890120037,159.05,2024,7,0,27
CAMP_404,Social Media,51612.0,1068.0,0.0,433.32,0.0,Michigan,2024-12-20,2.069286212508719,0.4057303370786517,0.0,-100.0,-433.32,2024,12,4,51
CAMP_405,Display Ads,73686.0,360.0,4.0,118.93,204.26,Michigan,2024-01-23,0.48855956355345653,0.3303611111111111,1.1111111111111112,71.74808711006473,85.32999999999998,2024,1,1,4
CAMP_406,Social Media,32683.0,793.0,0.0,719.21,0.0,Michigan,2024-12-30,2.426337851482422,0.9069482976040354,0.0,-100.0,-719.21,2024,12,0,1
CAMP_407,Email,32683.0,801.0,52.0,163.61,2578.86,Illinois,2024-11-02,2.450815408622219,0.20425717852684147,6.491885143570538,1476.2239471914918,2415.25,2024,11,5,44
CAMP_408,Referral,7505.0,913.0,157.0,40.32,6351.94,Arizona,2024-06-29,12.165223184543636,0.04416210295728368,17.196056955093102,15653.819444444443,6311.62,2024,6,5,26
CAMP_409,Social Media,62544.0,1279.0,38.0,651.92,3100.6,Virginia,2024-08-24,2.044960347915068,0.5097107114933541,2.9710711493354185,375.61050435636275,2448.68,2024,8,5,34
CAMP_410,Search Engine,26717.0,1359.0,48.0,1455.03,1892.29,North Carolina,2024-08-21,5.086648950106674,1.0706622516556292,3.532008830022075,30.05161405606757,437.26,2024,8,2,34
CAMP_411,Search Engine,27364.0,1356.0,83.0,163.61,8746.11,California,2024-09-01,4.955415874872095,0.12065634218289087,6.12094395280236,5245.706252674042,8582.5,2024,9,6,35
CAMP_412,Search Engine,39806.0,718.0,77.0,2082.08,7978.67,Texas,2024-12-23,1.8037481786665328,2.8998328690807798,10.724233983286908,283.20669714900487,5896.59,2024,12,0,52
CAMP_413,Social Media,52221.0,1311.0,45.0,761.22,3148.05,Texas,2024-08-02,2.5104842879301428,0.5806407322654462,3.4324942791762014,313.55324347757545,2386.83,2024,8,4,31
CAMP_414,Email,8881.0,0.0,0.0,0.0,0.0,Arizona,2024-06-10,0.0,0.0,0.0,0.0,0.0,2024,6,0,24
CAMP_415,Email,11528.0,1025.0,30.0,59.45,1976.79,Arizona,2024-12-12,8.891394864677308,0.058,2.9268292682926833,3225.1303616484433,1917.34,2024,12,3,50
CAMP_416,Email,4573.0,458.0,21.0,68.38,903.27,Pennsylvania,2024-07-27,10.01530723813689,0.14930131004366812,4.585152838427948,1220.9564200058498,834.89,2024,7,5,30
CAMP_417,Search Engine,35936.0,1366.0,103.0,1260.62,10274.41,Texas,2024-04-15,3.8012021371326803,0.9228550512445094,7.540263543191801,715.0283193983914,9013.79,2024,4,0,16
CAMP_418,Search Engine,26218.0,1387.0,92.0,2211.04,9208.48,California,2024-09-26,5.290258600961171,1.594116798846431,6.633020908435472,316.47731384325925,6997.44,2024,9,3,39
CAMP_419,Social Media,54049.0,937.0,25.0,480.34,1568.38,Michigan,2024-08-06,1.7336120927306704,0.5126360725720384,2.6680896478121667,226.51455219219721,1088.0400000000002,2024,8,1,32
CAMP_420,Email,7388.0,940.0,0.0,142.55,0.0,Washington,2024-03-05,12.723335138061723,0.15164893617021277,0.0,-100.0,-142.55,2024,3,1,10
CAMP_421,Video Ads,66558.0,691.0,13.0,614.37,587.24,Michigan,2024-04-21,1.0381922533729981,0.8891027496382055,1.881331403762663,-4.415905724563373,-27.129999999999995,2024,4,6,16
CAMP_422,Referral,4248.0,639.0,85.0,163.61,8594.7,North Carolina,2024-06-16,15.04237288135593,0.25604068857589984,13.302034428794993,5153.163009595991,8431.09,2024,6,6,24
CAMP_423,Email,12790.0,1203.0,60.0,132.32,2209.09,New Jersey,2024-05-29,9.405785770132917,0.10999168744804655,4.987531172069826,1569.5057436517534,2076.77,2024,5,2,22
CAMP_424,Search Engine,36810.0,1857.0,96.0,690.04,9807.4,California,2024-05-12,5.044824775876121,0.37158858373721054,5.169628432956381,1321.279925801403,9117.36,2024,5,6,19
CAMP_425,Video Ads,68038.0,260.0,5.0,76.74,329.07,North Carolina,2024-03-01,0.382139392692319,0.29515384615384616,1.9230769230769231,328.81157154026585,252.32999999999998,2024,3,4,9
CAMP_426,Video Ads,32683.0,934.0,28.0,777.88,767.89,Ohio,2024-03-21,2.8577547960713523,0.8328479657387581,2.9978586723768736,-1.2842597829999498,-9.990000000000009,2024,3,3,12
CAMP_427,Email,8534.0,661.0,37.0,70.21,2764.59,Washington,2024-04-04,7.745488633700493,0.10621785173978819,5.597579425113464,3837.601481270475,2694.38,2024,4,3,14
CAMP_428,Referral,5352.0,865.0,63.0,31.09,7502.07,Massachusetts,2024-12-04,16.162182361733933,0.035942196531791905,7.283236994219654,24030.170472820842,7470.98,2024,12,2,49
CAMP_429,Email,12932.0,1659.0,74.0,88.69,2685.69,Pennsylvania,2024-04-15,12.828642128054438,0.053459915611814346,4.460518384569018,2928.1767955801106,2597.0,2024,4,0,16
CAMP_430,Referral,7066.0,829.0,94.0,51.0,6895.42,Pennsylvania,2024-03-31,11.732238890461364,0.061519903498190594,11.338962605548854,13420.431372549021,6844.42,2024,3,6,13
CAMP_431,Email,12198.0,1249.0,45.0,105.37,2412.63,Virginia,2024-02-24,10.239383505492704,0.08436349079263411,3.6028823058446755,2189.674480402392,2307.26,2024,2,5,8
CAMP_432,Search Engine,32767.0,1563.0,72.0,163.61,6286.46,Michigan,2024-11-23,4.770043031098361,0.10467690339091491,4.606525911708253,3742.3445999633273,6122.85,2024,11,5,47
CAMP_433,Video Ads,32683.0,433.0,4.0,250.68,198.95,North Carolina,2024-01-02,1.3248477801915368,0.5789376443418014,0.9237875288683602,-20.635870432423815,-51.73000000000002,2024,1,1,1
CAMP_434,Search Engine,40288.0,2622.0,266.0,2825.06,30331.9,North Carolina,2024-11-10,6.508141382049246,1.07744469870328,10.144927536231885,973.6727715517547,27506.84,2024,11,6,45
CAMP_435,Display Ads,96389.0,186.0,3.0,56.16,134.48,Virginia,2024-10-04,0.19296807727022794,0.30193548387096775,1.6129032258064515,139.45868945868943,78.32,2024,10,4,40
CAMP_436,Email,32683.0,1504.0,102.0,106.13,6856.63,Arizona,2024-09-06,4.60178074228192,0.07056515957446809,6.781914893617021,6360.595496089702,6750.5,2024,9,4,36
CAMP_437,Search Engine,31442.0,1626.0,97.0,2282.68,1299.005,Illinois,2024-11-09,5.1714267540232814,1.403862238622386,5.9655596555965555,-43.09298719049537,-983.6749999999997,2024,11,5,45
CAMP_438,Search Engine,5370.0,718.0,0.0,0.0,0.0,Virginia,2024-02-26,13.370577281191807,0.0,0.0,0.0,0.0,2024,2,0,9
CAMP_439,Referral,6947.0,883.0,70.0,48.55,4111.16,California,2024-12-05,12.710522527709802,0.05498301245753114,7.9275198187995475,8367.88877445932,4062.6099999999997,2024,12,3,49
CAMP_440,Search Engine,37001.0,1687.0,97.0,1939.45,6809.7,Illinois,2024-08-16,4.5593362341558334,1.1496443390634263,5.749851807943094,251.11500683183374,4870.25,2024,8,4,33
CAMP_441,Social Media,79964.0,1421.0,54.0,654.75,2941.28,Washington,2024-09-03,1.7770496723525586,0.4607670654468684,3.8001407459535534,349.22184039709816,2286.53,2024,9,1,36
CAMP_442,Display Ads,58158.0,251.0,4.0,80.9,1299.005,Virginia,2024-07-09,0.43158292926166647,0.3223107569721116,1.593625498007968,1505.6922126081581,1218.105,2024,7,1,28
CAMP_443,Referral,4998.0,892.0,65.0,35.44,4107.34,North Carolina,2024-08-25,17.847138855542216,0.03973094170403587,7.286995515695067,11489.559819413094,4071.9,2024,8,6,34
CAMP_444,Display Ads,55975.0,164.0,2.0,34.87,86.45,New York,2024-08-24,0.29298794104510945,0.2126219512195122,1.2195121951219512,147.92084886722114,51.580000000000005,2024,8,5,34
CAMP_445,Email,9965.0,1146.0,54.0,120.57,2282.78,Arizona,2024-06-29,11.500250878073256,0.10520942408376963,4.712041884816754,1793.3233806087753,2162.21,2024,6,5,26
CAMP_446,Video Ads,76593.0,681.0,12.0,362.7,747.55,Massachusetts,2024-04-17,0.8891151932944263,0.5325991189427313,1.762114537444934,106.10697546181416,384.84999999999997,2024,4,2,16
CAMP_447,Social Media,52181.0,1012.0,28.0,481.21,884.35,Florida,2024-10-28,1.9394032310611142,0.47550395256916994,2.766798418972332,83.77631387543902,403.14000000000004,2024,10,0,44
CAMP_448,Email,9384.0,718.0,35.0,76.64,1850.75,Michigan,2024-05-31,7.651321398124466,0.10674094707520891,4.874651810584958,2314.8616910229644,1774.11,2024,5,4,22
CAMP_449,Referral,6047.0,1088.0,96.0,27.91,7733.54,Georgia,2024-01-07,17.992392922110138,0.025652573529411766,8.823529411764707,27608.849874596915,7705.63,2024,1,6,1
CAMP_450,Video Ads,49920.0,513.0,10.0,719.66,442.9,Virginia,2024-12-13,1.0276442307692308,1.4028460038986355,1.949317738791423,-38.457049162104326,-276.76,2024,12,4,50
CAMP_451,Email,13371.0,897.0,58.0,105.29,3825.84,Texas,2024-11-06,6.708548350908683,0.11738015607580826,6.465997770345597,3533.621426536233,3720.55,2024,11,2,45
CAMP_452,Video Ads,66370.0,507.0,12.0,359.13,636.51,Massachusetts,2024-02-08,0.7638993521169203,0.7083431952662722,2.366863905325444,77.23665525018795,277.38,2024,2,3,6
CAMP_453,Search Engine,35966.0,1431.0,168.0,1873.24,12023.01,North Carolina,2024-10-06,3.978757715620308,1.3090426275331937,11.740041928721174,541.8296641113792,10149.77,2024,10,6,40
CAMP_454,Referral,3689.0,586.0,50.0,41.08,1456.23,Arizona,2024-07-23,15.885063702900515,0.07010238907849829,8.532423208191126,3444.863680623175,1415.15,2024,7,1,30
CAMP_455,Referral,6260.0,987.0,123.0,35.98,4966.04,New Jersey,2024-09-27,15.766773162939296,0.036453900709219854,12.462006079027356,13702.223457476379,4930.06,2024,9,4,39
CAMP_456,Email,12858.0,0.0,0.0,0.0,0.0,New Jersey,2024-06-27,0.0,0.0,0.0,0.0,0.0,2024,6,3,26
CAMP_457,Referral,7700.0,1165.0,71.0,25.06,699.55,California,2024-05-09,15.12987012987013,0.021510729613733903,6.094420600858369,2691.5003990422983,674.49,2024,5,3,19
CAMP_458,Video Ads,52909.0,586.0,14.0,668.54,651.44,Washington,2024-07-20,1.1075620404846058,1.140853242320819,2.3890784982935154,-2.557812546743637,-17.09999999999991,2024,7,5,29
CAMP_459,Display Ads,90942.0,508.0,6.0,142.3,270.19,New Jersey,2024-07-04,0.5585977876008885,0.2801181102362205,1.1811023622047243,89.87350667603653,127.88999999999999,2024,7,3,27
CAMP_460,Email,8694.0,807.0,33.0,142.75,2819.57,Illinois,2024-02-04,9.282263630089718,0.1768897149938042,4.089219330855019,1875.1803852889668,2676.82,2024,2,6,5
CAMP_461,Social Media,46704.0,722.0,17.0,210.27,999.47,North Carolina,2024-09-23,1.5459061322370675,0.29123268698060945,2.3545706371191137,375.3269605744995,789.2,2024,9,0,39
CAMP_462,Social Media,62549.0,1195.0,33.0,504.45,1619.94,Texas,2024-06-23,1.9105021663016193,0.4221338912133891,2.761506276150628,221.12994350282486,1115.49,2024,6,6,25
CAMP_463,Display Ads,102412.0,0.0,0.0,0.0,0.0,Illinois,2024-02-10,0.0,0.0,0.0,0.0,0.0,2024,2,5,6
CAMP_464,Display Ads,96214.0,476.0,28.0,260.78,329.62,Florida,2024-03-15,0.4947304966013262,0.5478571428571428,5.88235294117647,26.397729887261306,68.84000000000003,2024,3,4,11
CAMP_465,Search Engine,12718.0,659.0,44.0,999.09,2684.3,Michigan,2024-05-05,5.181632332127693,1.5160698027314112,6.676783004552352,168.6744937893483,1685.21,2024,5,6,18
CAMP_466,Email,7909.0,1031.0,51.0,81.65,3808.88,Pennsylvania,2024-08-08,13.035782020482994,0.07919495635305529,4.946653734238604,4564.88671157379,3727.23,2024,8,3,32
CAMP_467,Social Media,32715.0,828.0,29.0,314.46,2001.47,Virginia,2024-11-09,2.530949105914718,0.37978260869565217,3.5024154589371985,536.4784074286079,1687.01,2024,11,5,45
CAMP_468,Search Engine,34631.0,718.0,0.0,3367.88,0.0,Ohio,2024-09-04,2.073286939447316,4.6906406685236774,0.0,-100.0,-3367.88,2024,9,2,36
CAMP_469,Referral,3621.0,718.0,51.0,34.31,4679.19,New Jersey,2024-01-02,19.828776581054957,0.04778551532033427,7.103064066852367,13537.977266103173,4644.879999999999,2024,1,1,1
CAMP_470,Referral,5866.0,859.0,87.0,32.88,5309.37,Ohio,2024-11-29,14.643709512444596,0.03827706635622818,10.128055878928988,16047.718978102188,5276.49,2024,11,4,48
CAMP_471,Video Ads,67121.0,456.0,5.0,179.06,239.97,New Jersey,2024-07-24,0.6793700928174491,0.39267543859649123,1.0964912280701753,34.01653077180833,60.91,2024,7,2,30
CAMP_472,Referral,4574.0,0.0,0.0,0.0,0.0,Michigan,2024-09-26,0.0,0.0,0.0,0.0,0.0,2024,9,3,39
CAMP_473,Referral,6780.0,968.0,0.0,29.48,0.0,New Jersey,2024-10-11,14.277286135693215,0.030454545454545456,0.0,-100.0,-29.48,2024,10,4,41
CAMP_474,Search Engine,23829.0,1638.0,142.0,2528.48,10486.44,California,2024-01-18,6.873977086743044,1.5436385836385838,8.669108669108669,314.7329620958046,7957.960000000001,2024,1,3,3
CAMP_475,Video Ads,82910.0,722.0,0.0,514.66,0.0,Massachusetts,2024-02-11,0.8708237848269207,0.7128254847645429,0.0,-100.0,-514.66,2024,2,6,6
CAMP_476,Search Engine,24808.0,1249.0,87.0,1843.57,2499.96,Georgia,2024-11-12,5.03466623669784,1.4760368294635708,6.965572457966374,35.60428950351764,656.3900000000001,2024,11,1,46
CAMP_477,Social Media,39270.0,721.0,30.0,443.98,1955.18,Michigan,2024-03-07,1.8360071301247771,0.6157836338418863,4.160887656033287,340.37569259876574,1511.2,2024,3,3,10
CAMP_478,Video Ads,48287.0,412.0,6.0,446.88,305.89,New York,2024-12-27,0.853231718682047,1.0846601941747573,1.4563106796116505,-31.54985678481919,-140.99,2024,12,4,52
CAMP_479,Video Ads,80803.0,918.0,23.0,559.49,1402.79,North Carolina,2024-07-21,1.136096432063166,0.6094662309368192,2.505446623093682,150.72655454074243,843.3,2024,7,6,29
CAMP_480,Email,7274.0,709.0,45.0,79.18,2788.57,New Jersey,2024-10-28,9.747044267253232,0.1116784203102962,6.346967559943582,3421.8110633998485,2709.3900000000003,2024,10,0,44
CAMP_481,Email,11271.0,718.0,96.0,173.84,3970.56,Massachusetts,2024-09-30,6.370330937804987,0.24211699164345404,13.370473537604457,2184.03129314312,3796.72,2024,9,0,40
CAMP_482,Display Ads,118546.0,489.0,9.0,143.19,281.89,Virginia,2024-02-08,0.4124981020025982,0.29282208588957054,1.8404907975460123,96.86430616663174,138.7,2024,2,3,6
CAMP_483,Search Engine,27406.0,1227.0,113.0,2530.5,13386.37,Virginia,2024-12-29,4.477121798146391,2.0623471882640585,9.209453952730236,429.00098794704604,10855.87,2024,12,6,52
CAMP_484,Social Media,45947.0,1105.0,40.0,582.42,3887.35,Washington,2024-05-22,2.404944827736305,0.527076923076923,3.619909502262444,567.4478898389478,3304.93,2024,5,2,21
CAMP_485,Social Media,75557.0,1276.0,36.0,673.39,2000.72,Ohio,2024-02-21,1.6887912436968116,0.5277351097178683,2.8213166144200628,197.11162921932313,1327.33,2024,2,2,8
CAMP_486,Social Media,51385.0,928.0,32.0,468.37,1024.1,Washington,2024-05-07,1.805974506178846,0.5047090517241379,3.4482758620689653,118.65192049021071,555.7299999999999,2024,5,1,19
CAMP_487,Referral,4073.0,557.0,28.0,34.71,5330.89,North Carolina,2024-09-27,13.67542352074638,0.062315978456014366,5.026929982046679,15258.369346009795,5296.18,2024,9,4,39
CAMP_488,Search Engine,29709.0,0.0,0.0,0.0,0.0,Florida,2024-05-16,0.0,0.0,0.0,0.0,0.0,2024,5,3,20
CAMP_489,Social Media,68604.0,1295.0,38.0,627.66,2427.84,Georgia,2024-03-02,1.887645035274911,0.48467953667953667,2.9343629343629343,286.8081445368512,1800.1800000000003,2024,3,5,9
CAMP_490,Search Engine,36308.0,1221.0,0.0,1616.31,0.0,Michigan,2024-11-04,3.362895229701443,1.3237592137592138,0.0,-100.0,-1616.31,2024,11,0,45
CAMP_491,Referral,1888.0,305.0,46.0,28.32,1969.33,New Jersey,2024-01-22,16.154661016949152,0.09285245901639344,15.081967213114755,6853.848870056497,1941.01,2024,1,0,4
CAMP_492,Display Ads,69003.0,409.0,7.0,129.38,321.4,California,2024-05-27,0.592727852412214,0.3163325183374083,1.7114914425427872,148.4155201731334,192.01999999999998,2024,5,0,22
CAMP_493,Search Engine,23435.0,1120.0,0.0,1600.47,0.0,Pennsylvania,2024-10-29,4.7791764454875185,1.4289910714285714,0.0,-100.0,-1600.47,2024,10,1,44
CAMP_494,Display Ads,54719.0,378.0,7.0,138.67,224.61,Illinois,2024-05-28,0.6908020979915569,0.3668518518518518,1.8518518518518516,61.97447176750561,85.94000000000003,2024,5,1,22
CAMP_495,Display Ads,19748.0,98.0,0.0,19.86,0.0,Florida,2024-05-19,0.4962527850921612,0.20265306122448978,0.0,-100.0,-19.86,2024,5,6,20
CAMP_496,Search Engine,36274.0,0.0,0.0,0.0,0.0,Washington,2024-07-18,0.0,0.0,0.0,0.0,0.0,2024,7,3,29
CAMP_497,Email,9216.0,828.0,38.0,95.56,1283.03,Florida,2024-09-24,8.984375,0.11541062801932367,4.5893719806763285,1242.643365424864,1187.47,2024,9,1,39
CAMP_498,Search Engine,20550.0,912.0,48.0,784.31,5870.24,Ohio,2024-10-15,4.437956204379562,0.8599890350877193,5.263157894736842,648.4591551809872,5085.93,2024,10,1,42
CAMP_499,Referral,3079.0,718.0,74.0,20.96,6297.55,Georgia,2024-08-13,23.31925949983761,0.029192200557103067,10.30640668523677,29945.562977099235,6276.59,2024,8,1,33
CAMP_500,Referral,4303.0,573.0,47.0,42.55,4053.78,Arizona,2024-10-24,13.31629095979549,0.07425828970331588,8.202443280977311,9427.097532314925,4011.23,2024,10,3,43
CAMP_501,Email,6902.0,646.0,27.0,65.82,1587.47,Massachusetts,2024-12-10,9.35960591133005,0.10188854489164086,4.179566563467492,2311.835308416895,1521.65,2024,12,1,50
CAMP_502,Referral,6642.0,843.0,78.0,24.01,6055.25,Texas,2024-01-23,12.691960252935864,0.02848161328588375,9.252669039145907,25119.700124947936,6031.24,2024,1,1,4
CAMP_503,Video Ads,70284.0,547.0,14.0,230.65,1004.64,New York,2024-11-02,0.7782710147401969,0.4216636197440585,2.5594149908592323,335.5690440060698,773.99,2024,11,5,44
CAMP_504,Email,15553.0,0.0,0.0,0.0,0.0,Florida,2024-10-15,0.0,0.0,0.0,0.0,0.0,2024,10,1,42
CAMP_505,Search Engine,32683.0,1663.0,101.0,2365.64,7046.3,Arizona,2024-02-20,5.0882721904353945,1.422513529765484,6.073361395069153,197.8601985086488,4680.66,2024,2,1,8
CAMP_506,Search Engine,45813.0,2668.0,151.0,5547.33,15613.83,New York,2024-07-25,5.8236745028703645,2.0792091454272863,5.659670164917541,181.46567808296965,10066.5,2024,7,3,30
CAMP_507,Email,2369.0,271.0,10.0,45.23,698.04,New York,2024-05-05,11.439425918108908,0.16690036900369,3.6900369003690034,1443.3119610877736,652.81,2024,5,6,18
CAMP_508,Display Ads,113609.0,306.0,3.0,123.09,107.96,Pennsylvania,2024-08-17,0.26934485824186466,0.40225490196078434,0.9803921568627451,-12.291818994231871,-15.13000000000001,2024,8,5,33
CAMP_509,Email,9380.0,785.0,29.0,163.61,2918.86,Texas,2024-10-11,8.368869936034114,0.2084203821656051,3.694267515923567,1684.0352056720249,2755.25,2024,10,4,41
CAMP_510,Social Media,45868.0,779.0,0.0,563.31,0.0,Texas,2024-01-22,1.698351792099067,0.7231193838254172,0.0,-100.0,-563.31,2024,1,0,4
CAMP_511,Email,9109.0,895.0,0.0,65.66,0.0,New York,2024-09-15,9.825447359754088,0.0733631284916201,0.0,-100.0,-65.66,2024,9,6,37
CAMP_512,Display Ads,91028.0,490.0,7.0,179.82,316.75,Ohio,2024-12-28,0.538295908951092,0.3669795918367347,1.4285714285714286,76.14837059281504,136.93,2024,12,5,52
CAMP_513,Display Ads,92819.0,355.0,7.0,93.15,220.38,Pennsylvania,2024-04-27,0.3824647970781844,0.2623943661971831,1.971830985915493,136.58615136876006,127.22999999999999,2024,4,5,17
CAMP_514,Video Ads,55912.0,821.0,16.0,450.55,1184.06,New Jersey,2024-03-08,1.4683788810988696,0.5487819732034105,1.9488428745432398,162.80324048385307,733.51,2024,3,4,10
CAMP_515,Referral,6438.0,0.0,0.0,0.0,0.0,Illinois,2024-10-06,0.0,0.0,0.0,0.0,0.0,2024,10,6,40
CAMP_516,Search Engine,20720.0,895.0,65.0,1694.6,5178.85,Illinois,2024-09-01,4.319498069498069,1.8934078212290502,7.262569832402235,205.60899327274876,3484.2500000000005,2024,9,6,35
CAMP_517,Social Media,46947.0,989.0,26.0,550.09,1001.99,Texas,2024-06-03,2.106630881632479,0.5562082912032357,2.62891809908999,82.15019360468287,451.9,2024,6,0,23
CAMP_518,Video Ads,79603.0,585.0,12.0,688.81,795.63,New York,2024-04-03,0.7348969259952515,1.1774529914529914,2.051282051282051,15.507904937500916,106.82000000000005,2024,4,2,14
CAMP_519,Email,4509.0,276.0,18.0,26.17,1279.64,New Jersey,2024-10-28,6.121091151031271,0.09481884057971016,6.521739130434782,4789.72105464272,1253.47,2024,10,0,44
CAMP_520,Social Media,36980.0,730.0,22.0,419.11,836.89,Texas,2024-09-09,1.9740400216333154,0.5741232876712329,3.0136986301369864,99.6826608766195,417.78,2024,9,0,37
CAMP_521,Display Ads,99786.0,485.0,4.0,151.05,167.07,Massachusetts,2024-08-08,0.4860401258693604,0.3114432989690722,0.8247422680412372,10.605759682224416,16.019999999999982,2024,8,3,32
CAMP_522,Search Engine,43620.0,1971.0,154.0,1941.2,14064.0,Washington,2024-07-27,4.518569463548831,0.9848807711821411,7.813292744799593,624.5003090871626,12122.8,2024,7,5,30
CAMP_523,Search Engine,22048.0,1244.0,103.0,1196.27,7807.44,California,2024-03-27,5.642235123367199,0.9616318327974276,8.279742765273312,552.6486495523586,6611.17,2024,3,2,13
CAMP_524,Social Media,32683.0,709.0,16.0,254.44,1299.005,Washington,2024-02-22,2.169323501514549,0.3588716502115656,2.2566995768688294,410.5349001729288,1044.565,2024,2,3,8
CAMP_525,Search Engine,26478.0,1494.0,80.0,1269.74,9348.31,Michigan,2024-03-22,5.6424201223657375,0.849892904953146,5.35475234270415,636.2381274906674,8078.57,2024,3,4,12
CAMP_526,Email,8601.0,1125.0,32.0,137.96,959.32,North Carolina,2024-11-15,13.07987443320544,0.12263111111111112,2.8444444444444446,595.360974195419,821.36,2024,11,4,46
CAMP_527,Social Media,28165.0,484.0,21.0,270.93,1203.74,Pennsylvania,2024-07-25,1.7184448783951713,0.5597727272727273,4.338842975206612,344.29926549293174,932.81,2024,7,3,30
CAMP_528,Referral,4688.0,439.0,28.0,12.7,5319.88,Texas,2024-10-17,9.364334470989762,0.028929384965831435,6.378132118451026,41788.8188976378,5307.18,2024,10,3,42
CAMP_529,Display Ads,54085.0,235.0,4.0,108.56,76.56,Florida,2024-12-19,0.43450124803549967,0.46195744680851064,1.702127659574468,-29.476787030213707,-32.0,2024,12,3,51
CAMP_530,Social Media,52083.0,1274.0,28.0,625.55,2005.43,Virginia,2024-12-09,2.4460956550121917,0.4910125588697017,2.197802197802198,220.5866837183279,1379.88,2024,12,0,50
CAMP_531,Display Ads,74857.0,295.0,4.0,113.67,199.93,Washington,2024-10-01,0.39408472153572816,0.3853220338983051,1.3559322033898304,75.88633764405736,86.26,2024,10,1,40
CAMP_532,Video Ads,57230.0,0.0,0.0,0.0,0.0,Virginia,2024-10-11,0.0,0.0,0.0,0.0,0.0,2024,10,4,41
CAMP_533,Email,10248.0,861.0,42.0,56.73,3930.53,Arizona,2024-01-23,8.401639344262295,0.06588850174216028,4.878048780487805,6828.485809977085,3873.8,2024,1,1,4
CAMP_534,Video Ads,37799.0,269.0,3.0,293.38,119.55,Michigan,2024-03-09,0.7116590385989047,1.090631970260223,1.1152416356877324,-59.250801008930395,-173.82999999999998,2024,3,5,10
CAMP_535,Display Ads,108426.0,442.0,8.0,130.22,391.06,Ohio,2024-07-12,0.40765130134838506,0.2946153846153846,1.809954751131222,200.30717247734606,260.84000000000003,2024,7,4,28
CAMP_536,Referral,4188.0,501.0,63.0,15.57,4079.84,Illinois,2024-05-29,11.962750716332378,0.031077844311377247,12.574850299401197,26103.21130378934,4064.27,2024,5,2,22
CAMP_537,Display Ads,74963.0,258.0,0.0,95.75,0.0,Washington,2024-06-27,0.34416979042994544,0.37112403100775193,0.0,-100.0,-95.75,2024,6,3,26
CAMP_538,Video Ads,78872.0,677.0,9.0,459.89,1299.005,New York,2024-08-08,0.8583527741150219,0.6793057607090103,1.329394387001477,182.45993607166935,839.1150000000001,2024,8,3,32
CAMP_539,Social Media,46490.0,760.0,20.0,520.19,1061.89,Virginia,2024-02-06,1.6347601634760165,0.6844605263157896,2.631578947368421,104.13502758607432,541.7,2024,2,1,6
CAMP_540,Video Ads,26967.0,287.0,5.0,163.61,341.75,Pennsylvania,2024-12-22,1.064263729743761,0.5700696864111499,1.7421602787456445,108.88087525212393,178.14,2024,12,6,51
CAMP_541,Social Media,50354.0,815.0,22.0,411.48,1014.15,Virginia,2024-06-25,1.6185407316201292,0.5048834355828221,2.6993865030674846,146.46398366870807,602.67,2024,6,1,26
CAMP_542,Referral,4140.0,482.0,53.0,18.32,4628.9,Texas,2024-01-21,11.642512077294686,0.03800829875518672,10.995850622406639,25166.921397379912,4610.58,2024,1,6,3
CAMP_543,Email,10780.0,969.0,72.0,81.11,1299.005,Texas,2024-05-15,8.988868274582561,0.08370485036119711,7.430340557275541,1501.5349525335967,1217.8950000000002,2024,5,2,20
CAMP_544,Display Ads,95129.0,535.0,5.0,131.54,154.66,Florida,2024-05-27,0.5623942225819676,0.24586915887850466,0.9345794392523363,17.576402615174096,23.120000000000005,2024,5,0,22
CAMP_545,Social Media,24962.0,795.0,12.0,429.94,374.17,Washington,2024-10-22,3.1848409582565496,0.5408050314465409,1.509433962264151,-12.97157742940875,-55.76999999999998,2024,10,1,43
CAMP_546,Display Ads,104458.0,361.0,7.0,30.15,176.19,Michigan,2024-10-02,0.3455934442551073,0.0835180055401662,1.9390581717451523,484.3781094527363,146.04,2024,10,2,40
CAMP_547,Video Ads,84346.0,1093.0,23.0,1107.47,2028.71,Georgia,2024-02-06,1.2958527968131268,1.0132387923147301,2.104300091491308,83.18419460572295,921.24,2024,2,1,6
CAMP_548,Email,8339.0,725.0,29.0,44.86,1992.82,Massachusetts,2024-05-08,8.694088020146301,0.06187586206896552,4.0,4342.3094070441375,1947.96,2024,5,2,19
CAMP_549,Social Media,77218.0,1614.0,30.0,611.09,1404.5,Florida,2024-03-24,2.0901862260094797,0.3786183395291202,1.858736059479554,129.8352124891587,793.41,2024,3,6,12
CAMP_550,Email,11560.0,718.0,28.0,175.23,4933.57,Illinois,2024-04-10,6.211072664359862,0.24405292479108634,3.8997214484679668,2715.4825087028476,4758.34,2024,4,2,15
